group_key,group_label,subgroup,estimator,panel,n,est,se,li,ui
entire_sample_1,Entire sample,Entire sample,Direct question estimate,Estimates,5290,0.3254777792324714,0.008106213883437643,0.31007011752582136,0.34138503093805306
entire_sample_1,Entire sample,Entire sample,List experiment estimate,Estimates,5290,0.29577795373765986,0.033956893931010056,0.2311893392099295,0.3644453382123938
entire_sample_1,Entire sample,Entire sample,Difference,Differences,5290,0.029699825494811538,0.03339364651016838,-0.036646268577087575,0.09248618435820312
entire_sample_1,Entire sample,Entire sample,Adjusted direct question estimate,Estimates,5290,0.3359109839373609,0.006957046896718351,0.3219090743588081,0.3492490182292838
entire_sample_1,Entire sample,Entire sample,Adjusted list experiment estimate,Estimates,5290,0.33031978492470876,0.027257479072625934,0.2872045037617137,0.39182839068515285
entire_sample_1,Entire sample,Entire sample,Adjusted difference,Differences,5290,0.005591199012652148,0.02695263748713923,-0.05528779376431297,0.046939504397927115
pid_7_1,Strong democrat,Party ID,Direct question estimate,Estimates,726,0.0451266768591455,0.008408929425033658,0.029580091663295994,0.06264150499446895
pid_7_1,Strong democrat,Party ID,List experiment estimate,Estimates,726,-0.04253060041204374,0.0770159035270435,-0.19031299926292383,0.11301289191380809
pid_7_1,Strong democrat,Party ID,Difference,Differences,726,0.08765727727118924,0.07714347813506364,-0.06579515940376736,0.23581282142920212
pid_7_1,Strong democrat,Party ID,Adjusted direct question estimate,Estimates,726,0.049742312572116636,0.005731592055720005,0.0393993338577675,0.0617969647227241
pid_7_1,Strong democrat,Party ID,Adjusted list experiment estimate,Estimates,726,0.008024003998453077,0.02266906165201962,1.937582548221187e-5,0.08400726477426274
pid_7_1,Strong democrat,Party ID,Adjusted difference,Differences,726,0.04171830857366356,0.023006558190184774,-0.032832206417215855,0.05633787087132283
pid_7_2,Not very strong democrat,Party ID,Direct question estimate,Estimates,1140,0.09207423949779239,0.011963963206679381,0.06958004957324551,0.11589986212808696
pid_7_2,Not very strong democrat,Party ID,List experiment estimate,Estimates,1140,0.0504675126186932,0.06815573958489599,-0.08430580326948281,0.18014370784592545
pid_7_2,Not very strong democrat,Party ID,Difference,Differences,1140,0.04160672687909919,0.06743984560675262,-0.08854274390312611,0.17331401291955253
pid_7_2,Not very strong democrat,Party ID,Adjusted direct question estimate,Estimates,1140,0.08007152973462384,0.007155579683532923,0.06650688735466558,0.09405988320885565
pid_7_2,Not very strong democrat,Party ID,Adjusted list experiment estimate,Estimates,1140,0.025471616377344953,0.029644067129839698,0.0017385881693932725,0.11209575824469317
pid_7_2,Not very strong democrat,Party ID,Adjusted difference,Differences,1140,0.05459991335727889,0.029966787393013273,-0.0312887088299934,0.08153416887287028
pid_7_3,Lean democrat,Party ID,Direct question estimate,Estimates,409,0.1303592673151501,0.020103228675685477,0.09191692340636466,0.16998675931927917
pid_7_3,Lean democrat,Party ID,List experiment estimate,Estimates,409,0.08440805950807384,0.1063494615389329,-0.1160273102714953,0.2943172050618504
pid_7_3,Lean democrat,Party ID,Difference,Differences,409,0.04595120780707626,0.10766828972273053,-0.15970132052261332,0.2503170908703582
pid_7_3,Lean democrat,Party ID,Adjusted direct question estimate,Estimates,409,0.1301157953581801,0.013493885394496172,0.10481189755635945,0.15860270482368846
pid_7_3,Lean democrat,Party ID,Adjusted list experiment estimate,Estimates,409,0.07559741325104104,0.06062030823865435,0.009803859087939041,0.23072864725373773
pid_7_3,Lean democrat,Party ID,Adjusted difference,Differences,409,0.054518382107139066,0.06179881365383337,-0.10271769431376612,0.12561994544219243
pid_7_4,Independent,Party ID,Direct question estimate,Estimates,1131,0.20108061723802062,0.015658369952683646,0.17181317235601945,0.23344756037038605
pid_7_4,Independent,Party ID,List experiment estimate,Estimates,1131,0.24276472521201709,0.078668957003176,0.0904665891918793,0.39160085038307063
pid_7_4,Independent,Party ID,Difference,Differences,1131,-0.041684107973996465,0.0790314767859964,-0.19567095194595596,0.11730937356521132
pid_7_4,Independent,Party ID,Adjusted direct question estimate,Estimates,1131,0.18812229273289027,0.014160155755708732,0.16102991648607853,0.21617733164426486
pid_7_4,Independent,Party ID,Adjusted list experiment estimate,Estimates,1131,0.2653585120622896,0.06969973393661182,0.13676490131584912,0.41198837316133563
pid_7_4,Independent,Party ID,Adjusted difference,Differences,1131,-0.07723621932939934,0.06961260091525218,-0.2237851639511916,0.05031256791016958
pid_7_5,Lean republican,Party ID,Direct question estimate,Estimates,351,0.7342083148224046,0.026267387129760043,0.6810320883601223,0.7829472268509605
pid_7_5,Lean republican,Party ID,List experiment estimate,Estimates,351,0.5587000345182508,0.1123609591553326,0.3358902068281771,0.7810489246710088
pid_7_5,Lean republican,Party ID,Difference,Differences,351,0.17550828030415377,0.11541264343938004,-0.06053714852282706,0.4074164196779555
pid_7_5,Lean republican,Party ID,Adjusted direct question estimate,Estimates,351,0.5983739012228358,0.02305266013967688,0.5536131383124087,0.6449772236076855
pid_7_5,Lean republican,Party ID,Adjusted list experiment estimate,Estimates,351,0.48542067851835463,0.1363335106211996,0.2763345467237327,0.8343914344019816
pid_7_5,Lean republican,Party ID,Adjusted difference,Differences,351,0.11295322270448122,0.13635513700342347,-0.22402826204785486,0.32409630833696607
pid_7_6,Not very strong republican,Party ID,Direct question estimate,Estimates,990,0.681300970317964,0.018839219206029864,0.6441819282511072,0.7169418352528982
pid_7_6,Not very strong republican,Party ID,List experiment estimate,Estimates,990,0.7210685882679467,0.08342615388073381,0.5658895906297291,0.8887841762918336
pid_7_6,Not very strong republican,Party ID,Difference,Differences,990,-0.039767617949982736,0.08133681250112963,-0.20280438666808268,0.11400463933681408
pid_7_6,Not very strong republican,Party ID,Adjusted direct question estimate,Estimates,990,0.723992489674983,0.012765639953956702,0.6983549414094297,0.7485628570538341
pid_7_6,Not very strong republican,Party ID,Adjusted list experiment estimate,Estimates,990,0.7317282732905515,0.06662357210772385,0.6041350708431168,0.8649775198389095
pid_7_6,Not very strong republican,Party ID,Adjusted difference,Differences,990,-0.007735783615568481,0.06606020020993657,-0.1400612189325499,0.12151391123637366
pid_7_7,Strong republican,Party ID,Direct question estimate,Estimates,543,0.9043799412048578,0.013842125732859529,0.875024150898494,0.9305606540285183
pid_7_7,Strong republican,Party ID,List experiment estimate,Estimates,543,0.8050445409113788,0.09513431283568147,0.6253280143241988,0.9937104877206795
pid_7_7,Strong republican,Party ID,Difference,Differences,543,0.09933540029347898,0.09554657173465136,-0.08946895177096525,0.27698866754260704
pid_7_7,Strong republican,Party ID,Adjusted direct question estimate,Estimates,543,0.8412691799520592,0.01257609629056585,0.8151494643462088,0.8649587360091786
pid_7_7,Strong republican,Party ID,Adjusted list experiment estimate,Estimates,543,0.8963077804768789,0.06019332220144034,0.7411085873204698,0.9678162139422042
pid_7_7,Strong republican,Party ID,Adjusted difference,Differences,543,-0.05503860052481968,0.06032855591961474,-0.12744861856065748,0.09700073770026375
EDUATT_1,Less than high school,Education,Direct question estimate,Estimates,157,0.30734240982344846,0.04254275678290043,0.22530392437876484,0.3939751672599507
EDUATT_1,Less than high school,Education,List experiment estimate,Estimates,157,-0.04320041705634986,0.1856245081925679,-0.40025963104867734,0.3320251454061693
EDUATT_1,Less than high school,Education,Difference,Differences,157,0.3505428268797983,0.18261364150725506,-0.008052080042675422,0.7016473765459206
EDUATT_1,Less than high school,Education,Adjusted direct question estimate,Estimates,157,0.3363550036401538,0.04194326864830842,0.253396537542688,0.4183229727562264
EDUATT_1,Less than high school,Education,Adjusted list experiment estimate,Estimates,157,0.15303147976877501,0.09155235192932515,0.04755548885144465,0.42461998043338034
EDUATT_1,Less than high school,Education,Adjusted difference,Differences,157,0.1833235238713788,0.09373028171473506,-0.0760815155743742,0.2934680897489479
EDUATT_2,High school or some college,Education,Direct question estimate,Estimates,2793,0.3439545157666546,0.010598820870540497,0.32349293804449325,0.364342750661875
EDUATT_2,High school or some college,Education,List experiment estimate,Estimates,2793,0.3577137130349888,0.04539263709099006,0.2736785288157601,0.4506784661480708
EDUATT_2,High school or some college,Education,Difference,Differences,2793,-0.013759197268334189,0.04502815208762061,-0.10417297881959724,0.07206305523686439
EDUATT_2,High school or some college,Education,Adjusted direct question estimate,Estimates,2793,0.362134918724515,0.009615438416201898,0.343275301161889,0.3802524656147248
EDUATT_2,High school or some college,Education,Adjusted list experiment estimate,Estimates,2793,0.36664025854774546,0.04345748574851411,0.30488430038140896,0.47618402558011463
EDUATT_2,High school or some college,Education,Adjusted difference,Differences,2793,-0.004505339823230481,0.04319273649642154,-0.11212153489172703,0.05506174858475281
EDUATT_3,College,Education,Direct question estimate,Estimates,1465,0.3013931344961182,0.013468907772462345,0.27522037191800147,0.32813958230233287
EDUATT_3,College,Education,List experiment estimate,Estimates,1465,0.27412484428443384,0.04976715699110609,0.17575607056725426,0.37347331247253307
EDUATT_3,College,Education,Difference,Differences,1465,0.027268290211684365,0.048997091261667555,-0.06949443989288762,0.11957637677843168
EDUATT_3,College,Education,Adjusted direct question estimate,Estimates,1465,0.3246442745935919,0.01303678822115725,0.2987604473206747,0.3498863159523882
EDUATT_3,College,Education,Adjusted list experiment estimate,Estimates,1465,0.3547661859971423,0.046985688287429286,0.2518542160277567,0.4379326586240272
EDUATT_3,College,Education,Adjusted difference,Differences,1465,-0.030121911403550417,0.04703752805190252,-0.11575680703858657,0.07122321665614123
EDUATT_4,Graduate school,Education,Direct question estimate,Estimates,875,0.2576492114392312,0.016337962793367838,0.22686263826729394,0.29127504863594067
EDUATT_4,Graduate school,Education,List experiment estimate,Estimates,875,0.10897526979390741,0.06814834398745946,-0.02365222900649382,0.2420853023338451
EDUATT_4,Graduate school,Education,Difference,Differences,875,0.14867394164532377,0.066741530428611,0.021849813321718606,0.2803507876607749
EDUATT_4,Graduate school,Education,Adjusted direct question estimate,Estimates,875,0.2709882047770887,0.016142132785491467,0.24053801915021752,0.3038919941241288
EDUATT_4,Graduate school,Education,Adjusted list experiment estimate,Estimates,875,0.20526516036382272,0.04716273844020174,0.12753881191426128,0.3134533970699486
EDUATT_4,Graduate school,Education,Adjusted difference,Differences,875,0.06572304441326596,0.04509602403571975,-0.04046620321134161,0.13553237948406732
income_quintile_Below 20th Income Percentile,Below 20th income percentile,Income,Direct question estimate,Estimates,804,0.2715764978939685,0.01978666281932695,0.23670432275941894,0.31081209637831614
income_quintile_Below 20th Income Percentile,Below 20th income percentile,Income,List experiment estimate,Estimates,804,0.3051336386913037,0.08603033541667988,0.13413726837361542,0.4777954081853737
income_quintile_Below 20th Income Percentile,Below 20th income percentile,Income,Difference,Differences,804,-0.03355714079733524,0.08688161880281146,-0.20908846948809276,0.13849642682083857
income_quintile_Below 20th Income Percentile,Below 20th income percentile,Income,Adjusted direct question estimate,Estimates,804,0.27500950076164876,0.01404428516488362,0.24735596358234543,0.3027930542028271
income_quintile_Below 20th Income Percentile,Below 20th income percentile,Income,Adjusted list experiment estimate,Estimates,804,0.21385490351722788,0.050711257784922525,0.15390923111313778,0.3571211417950738
income_quintile_Below 20th Income Percentile,Below 20th income percentile,Income,Adjusted difference,Differences,804,0.06115459724442088,0.05016051758526903,-0.0783847845256902,0.12009293402762539
income_quintile_20th - 40th Income Percentile,20th-40th income percentile,Income,Direct question estimate,Estimates,1038,0.3067261075456965,0.018233357567816726,0.27204984643708574,0.34251749299842016
income_quintile_20th - 40th Income Percentile,20th-40th income percentile,Income,List experiment estimate,Estimates,1038,0.1558215881960547,0.08449854765697322,-0.0036696993569781495,0.3174749159380147
income_quintile_20th - 40th Income Percentile,20th-40th income percentile,Income,Difference,Differences,1038,0.1509045193496418,0.07949720786712583,-0.007386476648887676,0.3026585737821591
income_quintile_20th - 40th Income Percentile,20th-40th income percentile,Income,Adjusted direct question estimate,Estimates,1038,0.33336472742850737,0.012436792146117604,0.30927166605106143,0.35706496793418346
income_quintile_20th - 40th Income Percentile,20th-40th income percentile,Income,Adjusted list experiment estimate,Estimates,1038,0.309830072215703,0.04172103177838484,0.2562475970680955,0.4177009462685209
income_quintile_20th - 40th Income Percentile,20th-40th income percentile,Income,Adjusted difference,Differences,1038,0.023534655212804345,0.040302768827725426,-0.08007010117712841,0.08054301273479164
income_quintile_40th - 60th Income Percentile,40th-60th income percentile,Income,Direct question estimate,Estimates,1361,0.36585449782715307,0.016669400116045206,0.33323136336938075,0.3985174406782978
income_quintile_40th - 60th Income Percentile,40th-60th income percentile,Income,List experiment estimate,Estimates,1361,0.38388619335613156,0.06130725981420048,0.2629836190333159,0.49953930614936104
income_quintile_40th - 60th Income Percentile,40th-60th income percentile,Income,Difference,Differences,1361,-0.018031695528978486,0.059594717248964875,-0.13369857862465054,0.0973625979578543
income_quintile_40th - 60th Income Percentile,40th-60th income percentile,Income,Adjusted direct question estimate,Estimates,1361,0.35567325096439034,0.010307396411222207,0.3353812315795249,0.37629694475088477
income_quintile_40th - 60th Income Percentile,40th-60th income percentile,Income,Adjusted list experiment estimate,Estimates,1361,0.3463440891918833,0.02883176281242248,0.3005137817491075,0.4063124084349738
income_quintile_40th - 60th Income Percentile,40th-60th income percentile,Income,Adjusted difference,Differences,1361,0.009329161772507033,0.027751196499647864,-0.05078612727599702,0.05364690501816695
income_quintile_60th - 80th Income Percentile,60th-80th income percentile,Income,Direct question estimate,Estimates,936,0.3395962565948947,0.019830124430744712,0.2995361242636376,0.37745094947842317
income_quintile_60th - 80th Income Percentile,60th-80th income percentile,Income,List experiment estimate,Estimates,936,0.19688087284800318,0.07292435963219478,0.05202387743848728,0.33804175790848345
income_quintile_60th - 80th Income Percentile,60th-80th income percentile,Income,Difference,Differences,936,0.1427153837468915,0.07326623644762742,-0.003314615421864695,0.2860331969178151
income_quintile_60th - 80th Income Percentile,60th-80th income percentile,Income,Adjusted direct question estimate,Estimates,936,0.34020965231842515,0.012427901152746395,0.3173176437958775,0.36570594281826935
income_quintile_60th - 80th Income Percentile,60th-80th income percentile,Income,Adjusted list experiment estimate,Estimates,936,0.3479022499123532,0.033151472034130984,0.27907353382053257,0.41607230424989333
income_quintile_60th - 80th Income Percentile,60th-80th income percentile,Income,Adjusted difference,Differences,936,-0.007692597593928041,0.031096690953302294,-0.06888521553582347,0.05521252670885377
income_quintile_Above 80th Income Percentile,Above 80th income percentile,Income,Direct question estimate,Estimates,1151,0.33946635220094035,0.017501077041095745,0.3048156831445814,0.37380411377670464
income_quintile_Above 80th Income Percentile,Above 80th income percentile,Income,List experiment estimate,Estimates,1151,0.40703882784463985,0.07729322360052865,0.2643337530587349,0.5708965369682184
income_quintile_Above 80th Income Percentile,Above 80th income percentile,Income,Difference,Differences,1151,-0.0675724756436995,0.07671773436787638,-0.22564421882349514,0.0771326767270357
income_quintile_Above 80th Income Percentile,Above 80th income percentile,Income,Adjusted direct question estimate,Estimates,1151,0.3538847525741978,0.01358947466522343,0.3272645156428065,0.38122450542596203
income_quintile_Above 80th Income Percentile,Above 80th income percentile,Income,Adjusted list experiment estimate,Estimates,1151,0.3969052072596372,0.049954279127728665,0.29343894463449954,0.49329477651104164
income_quintile_Above 80th Income Percentile,Above 80th income percentile,Income,Adjusted difference,Differences,1151,-0.04302045468543936,0.048950892151854865,-0.13407026676415149,0.059994515570870204
female_0,Men,Gender,Direct question estimate,Estimates,2332,0.3691540497208872,0.01256526386845502,0.3435823884611347,0.39455661765433425
female_0,Men,Gender,List experiment estimate,Estimates,2332,0.3345147944033021,0.05288453822175466,0.23388436961463022,0.4368587433843374
female_0,Men,Gender,Difference,Differences,2332,0.034639255317585105,0.05144729657498502,-0.06592560635999299,0.13348598776768658
female_0,Men,Gender,Adjusted direct question estimate,Estimates,2332,0.3803484802444857,0.011087044095117876,0.3586404677032595,0.40284160071665664
female_0,Men,Gender,Adjusted list experiment estimate,Estimates,2332,0.3351203868706846,0.03563747171187425,0.27835868494005395,0.41871215593194216
female_0,Men,Gender,Adjusted difference,Differences,2332,0.045228093373801126,0.035218560243166955,-0.03877735580222229,0.10181803737707323
female_1,Women,Gender,Direct question estimate,Estimates,2958,0.2841545857781838,0.01051571027605959,0.26336972965522176,0.3047336314660855
female_1,Women,Gender,List experiment estimate,Estimates,2958,0.26417381686984415,0.043056978771385694,0.18236097682085098,0.34795121244894806
female_1,Women,Gender,Difference,Differences,2958,0.019980768908339663,0.04309371912240781,-0.0631286285690727,0.1032774157856227
female_1,Women,Gender,Adjusted direct question estimate,Estimates,2958,0.30087777183857284,0.009397693494903011,0.28154770454375067,0.3197349998740662
female_1,Women,Gender,Adjusted list experiment estimate,Estimates,2958,0.3265351318692606,0.04805131224927521,0.246225878429568,0.4287868689185107
female_1,Women,Gender,Adjusted difference,Differences,2958,-0.025657360030687748,0.04814819846795863,-0.12515307259091496,0.05371122910700259
race_4_White,White,Race,Direct question estimate,Estimates,3544,0.39388417022154104,0.010254834032454902,0.37379792733284534,0.41444508424999077
race_4_White,White,Race,List experiment estimate,Estimates,3544,0.3800202506892989,0.041031879380803105,0.30224636367195457,0.4624807932307024
race_4_White,White,Race,Difference,Differences,3544,0.013863919532242142,0.0404632721952699,-0.06585940299356922,0.09450150377984223
race_4_White,White,Race,Adjusted direct question estimate,Estimates,3544,0.3987597561072859,0.008752342635623458,0.38205884894863873,0.41584084034249924
race_4_White,White,Race,Adjusted list experiment estimate,Estimates,3544,0.40502102078416996,0.03592658993492646,0.3427580877954139,0.48384600720282134
race_4_White,White,Race,Adjusted difference,Differences,3544,-0.006261264676884037,0.03553585659247003,-0.08460957038272139,0.056659497030119445
race_4_Black,Black,Race,Direct question estimate,Estimates,446,0.10313459101288806,0.01675746936173413,0.07148595173671034,0.13651412551797848
race_4_Black,Black,Race,List experiment estimate,Estimates,446,0.16567496806630327,0.10991144889084259,-0.03764480764482245,0.3893742220484284
race_4_Black,Black,Race,Difference,Differences,446,-0.06254037705341521,0.10995409993707435,-0.28629598455225375,0.14604813708582043
race_4_Black,Black,Race,Adjusted direct question estimate,Estimates,446,0.11238975903148947,0.016898480880765572,0.07982742743996595,0.1452168170796433
race_4_Black,Black,Race,Adjusted list experiment estimate,Estimates,446,0.21966793798473117,0.0908323923078266,0.040272896649173384,0.41717848335914853
race_4_Black,Black,Race,Adjusted difference,Differences,446,-0.1072781789532417,0.08959081102833912,-0.2981843529347291,0.06726858729752586
race_4_Hispanic,Hispanic,Race,Direct question estimate,Estimates,804,0.2440888039281849,0.01950793096322691,0.20660933755030436,0.28176582199024974
race_4_Hispanic,Hispanic,Race,List experiment estimate,Estimates,804,0.027639044120550266,0.09272240006498204,-0.15219499262692784,0.2091040694833768
race_4_Hispanic,Hispanic,Race,Difference,Differences,804,0.21644975980763465,0.09012338438239098,0.045201042496306895,0.3925862733774068
race_4_Hispanic,Hispanic,Race,Adjusted direct question estimate,Estimates,804,0.2623132174788513,0.019379931494344523,0.22407991019889728,0.2998797613143342
race_4_Hispanic,Hispanic,Race,Adjusted list experiment estimate,Estimates,804,0.09047998131274516,0.05385651447615587,0.019629737121018592,0.22647940196397742
race_4_Hispanic,Hispanic,Race,Adjusted difference,Differences,804,0.17183323616610613,0.05300326119780367,0.042396309885134806,0.24243241756200531
race_4_Other Race,Other race,Race,Direct question estimate,Estimates,496,0.20257113129201798,0.021622607789513644,0.16115922736092073,0.24443012924239968
race_4_Other Race,Other race,Race,List experiment estimate,Estimates,496,0.24036579180476442,0.11656205834567737,0.010829021095048665,0.4680755529689444
race_4_Other Race,Other race,Race,Difference,Differences,496,-0.037794660512746436,0.11237356635146747,-0.25175648336748385,0.18356415805122037
race_4_Other Race,Other race,Race,Adjusted direct question estimate,Estimates,496,0.2071348185551956,0.021104421321785114,0.16623036896755178,0.24886014681501684
race_4_Other Race,Other race,Race,Adjusted list experiment estimate,Estimates,496,0.28483741789510775,0.10256701021959054,0.09125127450316559,0.492569723705595
race_4_Other Race,Other race,Race,Adjusted difference,Differences,496,-0.07770259933991214,0.10014183201416665,-0.2903742991077562,0.11477520257017146
LV_INDEX_DUMMY_0,Unlikely voter,Vote propensity,Direct question estimate,Estimates,1420,0.2420742386761971,0.014652196586477838,0.2132955750067252,0.2715382640610919
LV_INDEX_DUMMY_0,Unlikely voter,Vote propensity,List experiment estimate,Estimates,1420,0.2072130529411045,0.07150182592130995,0.07141680592465213,0.35099062963476835
LV_INDEX_DUMMY_0,Unlikely voter,Vote propensity,Difference,Differences,1420,0.03486118573509259,0.07053686430933663,-0.10555495779689106,0.17303824517820368
LV_INDEX_DUMMY_0,Unlikely voter,Vote propensity,Adjusted direct question estimate,Estimates,1420,0.24343071234436642,0.0131261957143298,0.21714370648997686,0.2696395525415471
LV_INDEX_DUMMY_0,Unlikely voter,Vote propensity,Adjusted list experiment estimate,Estimates,1420,0.24891182840762588,0.06108159676537536,0.1589445034746716,0.3971353516179843
LV_INDEX_DUMMY_0,Unlikely voter,Vote propensity,Adjusted difference,Differences,1420,-0.005481116063259461,0.05988761806475094,-0.15452904474539444,0.08604015119920627
LV_INDEX_DUMMY_1,Likely voter,Vote propensity,Direct question estimate,Estimates,3870,0.36513093665605656,0.009706225873615618,0.3459163058998733,0.3838849194905748
LV_INDEX_DUMMY_1,Likely voter,Vote propensity,List experiment estimate,Estimates,3870,0.3357795994740099,0.03685251702604356,0.26585060553906725,0.40918982710688306
LV_INDEX_DUMMY_1,Likely voter,Vote propensity,Difference,Differences,3870,0.029351337182046633,0.0362656012633534,-0.04155088344495955,0.09951830401962734
LV_INDEX_DUMMY_1,Likely voter,Vote propensity,Adjusted direct question estimate,Estimates,3870,0.36984431356579817,0.008435087818373667,0.3534571725281927,0.38607071724857844
LV_INDEX_DUMMY_1,Likely voter,Vote propensity,Adjusted list experiment estimate,Estimates,3870,0.36019040462865126,0.029517893241566867,0.309889816781136,0.42320015431305463
LV_INDEX_DUMMY_1,Likely voter,Vote propensity,Adjusted difference,Differences,3870,0.009653908937146904,0.02932179967990583,-0.05363603199678803,0.06453105378193347
