quantity,estimate,std_error
n_respondents,5290,NA
n_subgroups_compared,25,NA
party_id_points,7,NA
income_points,24,NA
direct_share_trump,0.3254777792324716,NA
direct_share_clinton,0.3701467863586306,NA
direct_share_other,0.30437543440889775,NA
list_mean_control,1.54751239342848,NA
list_mean_treatment,1.8432903471661413,NA
list_ate,0.29577795373765986,0.03395689393101005
direct_minus_list,0.02969982549481153,0.03339364651016838
share_not_reporting_trump,0.6745222207675283,NA
list_mean_control_nondisclosers,1.6097646845912517,NA
list_mean_treatment_nondisclosers,1.6424854641576534,NA
list_ate_nondisclosers,0.032720779566401646,0.04238871060554788
direct_est,0.32547777923247195,NA
combined_est,0.3475486721308455,0.02942296860666275
combined_minus_direct,0.02207089289837355,0.028292077054483732
placebo_ate,0.8573226478065189,0.05606396154510784
placebo_p_value,0.01093080517846666,NA
unadjusted_differences_excluding_zero,2,NA
adjusted_differences_excluding_zero,1,NA
