claim_id,claim,computed,holds,evidence
desc_list_below_direct,The list experiment estimate is below the direct question estimate,2.969982549481154,1,Direct question 32.5 per cent against list experiment 29.6 per cent
desc_direct_minus_list_not_significant,The difference between the two modes is not distinguishable from zero,2.969982549481153,1,"Difference 3.0 points, 95 per cent bootstrap interval -3.7 to 9.2"
desc_nondiscloser_not_significant,The list estimate among non-disclosers is not distinguishable from zero,3.2720779566401617,1,"Estimate 3.3 points, HC2 standard error 4.2 points, t = 0.77"
desc_party_gradient,Democrats are unlikely and Republicans likely to support Trump,NA,1,Direct question support: Strong democrat 4.5; Not very strong democrat 9.2; Lean democrat 13.0; Lean republican 73.4; Not very strong republican 68.1; Strong republican 90.4
desc_education_gradient,More educated groups support Trump less,NA,NA,Direct question support in published order: Less than high school 30.7; High school or some college 34.4; College 30.1; Graduate school 25.8
desc_less_than_high_school_smallest,The least educated group is the smallest and its estimates the most uncertain,157,1,"Smallest subgroup is Less than high school at N = 157; its list experiment standard error is 18.6 points, the largest of any subgroup"
desc_income_groups_similar,Income groups did not diverge wildly in their support,9.427799993318454,NA,Direct question support: Below 20th income percentile 27.2; 20th-40th income percentile 30.7; 40th-60th income percentile 36.6; 60th-80th income percentile 34.0; Above 80th income percentile 33.9
desc_gender_similar,Men and women did not diverge wildly in their support,8.499946394270342,NA,"Direct question support: men 36.9, women 28.4"
desc_white_highest,Whites were more likely to support Trump than any other racial or ethnic category,NA,1,White leads every other racial or ethnic category on 4 of 4 estimators
desc_likely_voters_higher,Likely voters expressed higher Trump support,NA,1,Likely voters above unlikely voters on 4 of 4 estimators
desc_unadjusted_mostly_cover_zero,Most unadjusted difference intervals contain zero,23,1,23 of 25 unadjusted difference intervals contain zero
desc_adjusted_intervals_shrink,The adjusted intervals shrink substantially,8.975696345149602,NA,"Mean 95 per cent interval width, list experiment estimate: 30.5 points unadjusted against 21.5 points adjusted"
desc_combined_not_significant,The combined estimate is not distinguishable from the direct question estimate,2.207089289837355,1,"Combined minus direct 2.2 points, bootstrap standard error 2.8 points, t = 0.78"
desc_adjusted_all_but_one,All but one adjusted difference interval contains zero,1,1,1 of 25 adjusted difference intervals exclude zero: Hispanic
