paper_id,claim_id,table_figure,claim,value_script,value_paper,match,value_rewrite,match_rewrite,defect_locus,notes
coppock_2017a,table_a1_entire_sample_direct_est,Figure 1 and Table A1,"Entire sample: Direct question estimate, estimate (pp)",32.54777792324714,32.5,1,32.54777792324714,1,NA,
coppock_2017a,table_a1_entire_sample_direct_est_se,Figure 1 and Table A1,"Entire sample: Direct question estimate, standard error (pp)",0.810621388343764,0.8,1,0.810621388343764,1,NA,
coppock_2017a,table_a1_entire_sample_list_est,Figure 1 and Table A1,"Entire sample: List experiment estimate, estimate (pp)",29.577795373765987,29.6,1,29.577795373765987,1,NA,
coppock_2017a,table_a1_entire_sample_list_est_se,Figure 1 and Table A1,"Entire sample: List experiment estimate, standard error (pp)",3.395689393101005,3.4,1,3.395689393101005,1,NA,
coppock_2017a,table_a1_entire_sample_difference,Figure 1 and Table A1,"Entire sample: Difference, estimate (pp)",2.969982549481153,3.0,1,2.969982549481153,1,NA,
coppock_2017a,table_a1_entire_sample_difference_se,Figure 1 and Table A1,"Entire sample: Difference, standard error (pp)",3.339364651016838,3.4,0,3.339364651016838,0,archive,Bootstrap standard error. The deposited resampling code postdates publication by two years and no configuration of it recovers the published value exactly
coppock_2017a,table_a1_entire_sample_direct_est_adj,Figure 1 and Table A1,"Entire sample: Adjusted direct question estimate, estimate (pp)",33.59109839373609,33.6,1,33.59109839373609,1,NA,
coppock_2017a,table_a1_entire_sample_direct_est_adj_se,Figure 1 and Table A1,"Entire sample: Adjusted direct question estimate, standard error (pp)",0.6957046896718351,0.7,1,0.6957046896718351,1,NA,
coppock_2017a,table_a1_entire_sample_list_est_adj,Figure 1 and Table A1,"Entire sample: Adjusted list experiment estimate, estimate (pp)",33.03197849247088,33.0,1,33.03197849247088,1,NA,
coppock_2017a,table_a1_entire_sample_list_est_adj_se,Figure 1 and Table A1,"Entire sample: Adjusted list experiment estimate, standard error (pp)",2.725747907262593,2.6,0,2.725747907262593,0,archive,Bootstrap standard error. The deposited resampling code postdates publication by two years and no configuration of it recovers the published value exactly
coppock_2017a,table_a1_entire_sample_difference_adj,Figure 1 and Table A1,"Entire sample: Adjusted difference, estimate (pp)",0.5591199012652139,0.6,1,0.5591199012652139,1,NA,
coppock_2017a,table_a1_entire_sample_difference_adj_se,Figure 1 and Table A1,"Entire sample: Adjusted difference, standard error (pp)",2.695263748713923,2.6,0,2.695263748713923,0,archive,Bootstrap standard error. The deposited resampling code postdates publication by two years and no configuration of it recovers the published value exactly
coppock_2017a,table_a1_strong_democrat_direct_est,Figure 1 and Table A1,"Strong democrat: Direct question estimate, estimate (pp)",4.5126676859145505,4.5,1,4.5126676859145505,1,NA,
coppock_2017a,table_a1_strong_democrat_direct_est_se,Figure 1 and Table A1,"Strong democrat: Direct question estimate, standard error (pp)",0.840892942503365,0.8,1,0.840892942503365,1,NA,
coppock_2017a,table_a1_strong_democrat_list_est,Figure 1 and Table A1,"Strong democrat: List experiment estimate, estimate (pp)",-4.253060041204374,-4.3,1,-4.253060041204374,1,NA,
coppock_2017a,table_a1_strong_democrat_list_est_se,Figure 1 and Table A1,"Strong democrat: List experiment estimate, standard error (pp)",7.7015903527043506,7.5,0,7.7015903527043506,0,archive,Bootstrap standard error. The deposited resampling code postdates publication by two years and no configuration of it recovers the published value exactly
coppock_2017a,table_a1_strong_democrat_difference,Figure 1 and Table A1,"Strong democrat: Difference, estimate (pp)",8.765727727118925,8.8,1,8.765727727118925,1,NA,
coppock_2017a,table_a1_strong_democrat_difference_se,Figure 1 and Table A1,"Strong democrat: Difference, standard error (pp)",7.714347813506365,7.6,0,7.714347813506365,0,archive,Bootstrap standard error. The deposited resampling code postdates publication by two years and no configuration of it recovers the published value exactly
coppock_2017a,table_a1_strong_democrat_direct_est_adj,Figure 1 and Table A1,"Strong democrat: Adjusted direct question estimate, estimate (pp)",4.974231257211663,5.0,1,4.974231257211663,1,NA,
coppock_2017a,table_a1_strong_democrat_direct_est_adj_se,Figure 1 and Table A1,"Strong democrat: Adjusted direct question estimate, standard error (pp)",0.5731592055720001,0.6,1,0.5731592055720001,1,NA,
coppock_2017a,table_a1_strong_democrat_list_est_adj,Figure 1 and Table A1,"Strong democrat: Adjusted list experiment estimate, estimate (pp)",0.802400399845307,0.8,1,0.802400399845307,1,NA,
coppock_2017a,table_a1_strong_democrat_list_est_adj_se,Figure 1 and Table A1,"Strong democrat: Adjusted list experiment estimate, standard error (pp)",2.266906165201962,2.4,0,2.266906165201962,0,archive,Bootstrap standard error. The deposited resampling code postdates publication by two years and no configuration of it recovers the published value exactly
coppock_2017a,table_a1_strong_democrat_difference_adj,Figure 1 and Table A1,"Strong democrat: Adjusted difference, estimate (pp)",4.171830857366356,4.2,1,4.171830857366356,1,NA,
coppock_2017a,table_a1_strong_democrat_difference_adj_se,Figure 1 and Table A1,"Strong democrat: Adjusted difference, standard error (pp)",2.300655819018477,2.4,0,2.300655819018477,0,archive,Bootstrap standard error. The deposited resampling code postdates publication by two years and no configuration of it recovers the published value exactly
coppock_2017a,table_a1_not_very_strong_democrat_direct_est,Figure 1 and Table A1,"Not very strong democrat: Direct question estimate, estimate (pp)",9.20742394977924,9.2,1,9.20742394977924,1,NA,
coppock_2017a,table_a1_not_very_strong_democrat_direct_est_se,Figure 1 and Table A1,"Not very strong democrat: Direct question estimate, standard error (pp)",1.196396320667938,1.2,1,1.196396320667938,1,NA,
coppock_2017a,table_a1_not_very_strong_democrat_list_est,Figure 1 and Table A1,"Not very strong democrat: List experiment estimate, estimate (pp)",5.0467512618693195,5.0,1,5.0467512618693195,1,NA,
coppock_2017a,table_a1_not_very_strong_democrat_list_est_se,Figure 1 and Table A1,"Not very strong democrat: List experiment estimate, standard error (pp)",6.8155739584895985,7.0,0,6.8155739584895985,0,archive,Bootstrap standard error. The deposited resampling code postdates publication by two years and no configuration of it recovers the published value exactly
coppock_2017a,table_a1_not_very_strong_democrat_difference,Figure 1 and Table A1,"Not very strong democrat: Difference, estimate (pp)",4.160672687909919,4.2,1,4.160672687909919,1,NA,
coppock_2017a,table_a1_not_very_strong_democrat_difference_se,Figure 1 and Table A1,"Not very strong democrat: Difference, standard error (pp)",6.743984560675262,6.9,0,6.743984560675262,0,archive,Bootstrap standard error. The deposited resampling code postdates publication by two years and no configuration of it recovers the published value exactly
coppock_2017a,table_a1_not_very_strong_democrat_direct_est_adj,Figure 1 and Table A1,"Not very strong democrat: Adjusted direct question estimate, estimate (pp)",8.007152973462384,8.0,1,8.007152973462384,1,NA,
coppock_2017a,table_a1_not_very_strong_democrat_direct_est_adj_se,Figure 1 and Table A1,"Not very strong democrat: Adjusted direct question estimate, standard error (pp)",0.715557968353292,0.7,1,0.715557968353292,1,NA,
coppock_2017a,table_a1_not_very_strong_democrat_list_est_adj,Figure 1 and Table A1,"Not very strong democrat: Adjusted list experiment estimate, estimate (pp)",2.547161637734495,2.5,1,2.547161637734495,1,NA,
coppock_2017a,table_a1_not_very_strong_democrat_list_est_adj_se,Figure 1 and Table A1,"Not very strong democrat: Adjusted list experiment estimate, standard error (pp)",2.964406712983969,3.2,0,2.964406712983969,0,archive,Bootstrap standard error. The deposited resampling code postdates publication by two years and no configuration of it recovers the published value exactly
coppock_2017a,table_a1_not_very_strong_democrat_difference_adj,Figure 1 and Table A1,"Not very strong democrat: Adjusted difference, estimate (pp)",5.459991335727889,5.5,1,5.459991335727889,1,NA,
coppock_2017a,table_a1_not_very_strong_democrat_difference_adj_se,Figure 1 and Table A1,"Not very strong democrat: Adjusted difference, standard error (pp)",2.996678739301327,3.2,0,2.996678739301327,0,archive,Bootstrap standard error. The deposited resampling code postdates publication by two years and no configuration of it recovers the published value exactly
coppock_2017a,table_a1_lean_democrat_direct_est,Figure 1 and Table A1,"Lean democrat: Direct question estimate, estimate (pp)",13.03592673151501,13.0,1,13.03592673151501,1,NA,
coppock_2017a,table_a1_lean_democrat_direct_est_se,Figure 1 and Table A1,"Lean democrat: Direct question estimate, standard error (pp)",2.010322867568547,2.1,0,2.010322867568547,0,archive,Bootstrap standard error. The deposited resampling code postdates publication by two years and no configuration of it recovers the published value exactly
coppock_2017a,table_a1_lean_democrat_list_est,Figure 1 and Table A1,"Lean democrat: List experiment estimate, estimate (pp)",8.440805950807384,8.4,1,8.440805950807384,1,NA,
coppock_2017a,table_a1_lean_democrat_list_est_se,Figure 1 and Table A1,"Lean democrat: List experiment estimate, standard error (pp)",10.63494615389329,11.0,0,10.63494615389329,0,archive,Bootstrap standard error. The deposited resampling code postdates publication by two years and no configuration of it recovers the published value exactly
coppock_2017a,table_a1_lean_democrat_difference,Figure 1 and Table A1,"Lean democrat: Difference, estimate (pp)",4.595120780707626,4.6,1,4.595120780707626,1,NA,
coppock_2017a,table_a1_lean_democrat_difference_se,Figure 1 and Table A1,"Lean democrat: Difference, standard error (pp)",10.766828972273052,11.1,0,10.766828972273052,0,archive,Bootstrap standard error. The deposited resampling code postdates publication by two years and no configuration of it recovers the published value exactly
coppock_2017a,table_a1_lean_democrat_direct_est_adj,Figure 1 and Table A1,"Lean democrat: Adjusted direct question estimate, estimate (pp)",13.01157953581801,13.0,1,13.01157953581801,1,NA,
coppock_2017a,table_a1_lean_democrat_direct_est_adj_se,Figure 1 and Table A1,"Lean democrat: Adjusted direct question estimate, standard error (pp)",1.349388539449617,1.4,0,1.349388539449617,0,archive,Bootstrap standard error. The deposited resampling code postdates publication by two years and no configuration of it recovers the published value exactly
coppock_2017a,table_a1_lean_democrat_list_est_adj,Figure 1 and Table A1,"Lean democrat: Adjusted list experiment estimate, estimate (pp)",7.5597413251041035,7.6,1,7.5597413251041035,1,NA,
coppock_2017a,table_a1_lean_democrat_list_est_adj_se,Figure 1 and Table A1,"Lean democrat: Adjusted list experiment estimate, standard error (pp)",6.0620308238654355,5.9,0,6.0620308238654355,0,archive,Bootstrap standard error. The deposited resampling code postdates publication by two years and no configuration of it recovers the published value exactly
coppock_2017a,table_a1_lean_democrat_difference_adj,Figure 1 and Table A1,"Lean democrat: Adjusted difference, estimate (pp)",5.451838210713906,5.5,1,5.451838210713906,1,NA,
coppock_2017a,table_a1_lean_democrat_difference_adj_se,Figure 1 and Table A1,"Lean democrat: Adjusted difference, standard error (pp)",6.179881365383337,6.1,0,6.179881365383337,0,archive,Bootstrap standard error. The deposited resampling code postdates publication by two years and no configuration of it recovers the published value exactly
coppock_2017a,table_a1_independent_direct_est,Figure 1 and Table A1,"Independent: Direct question estimate, estimate (pp)",20.108061723802066,20.1,1,20.108061723802066,1,NA,
coppock_2017a,table_a1_independent_direct_est_se,Figure 1 and Table A1,"Independent: Direct question estimate, standard error (pp)",1.565836995268364,1.5,0,1.565836995268364,0,archive,Bootstrap standard error. The deposited resampling code postdates publication by two years and no configuration of it recovers the published value exactly
coppock_2017a,table_a1_independent_list_est,Figure 1 and Table A1,"Independent: List experiment estimate, estimate (pp)",24.276472521201708,24.3,1,24.276472521201708,1,NA,
coppock_2017a,table_a1_independent_list_est_se,Figure 1 and Table A1,"Independent: List experiment estimate, standard error (pp)",7.8668957003176,8.0,0,7.8668957003176,0,archive,Bootstrap standard error. The deposited resampling code postdates publication by two years and no configuration of it recovers the published value exactly
coppock_2017a,table_a1_independent_difference,Figure 1 and Table A1,"Independent: Difference, estimate (pp)",-4.168410797399646,-4.2,1,-4.168410797399646,1,NA,
coppock_2017a,table_a1_independent_difference_se,Figure 1 and Table A1,"Independent: Difference, standard error (pp)",7.903147678599639,8.1,0,7.903147678599639,0,archive,Bootstrap standard error. The deposited resampling code postdates publication by two years and no configuration of it recovers the published value exactly
coppock_2017a,table_a1_independent_direct_est_adj,Figure 1 and Table A1,"Independent: Adjusted direct question estimate, estimate (pp)",18.812229273289027,18.8,1,18.812229273289027,1,NA,
coppock_2017a,table_a1_independent_direct_est_adj_se,Figure 1 and Table A1,"Independent: Adjusted direct question estimate, standard error (pp)",1.416015575570873,1.4,1,1.416015575570873,1,NA,
coppock_2017a,table_a1_independent_list_est_adj,Figure 1 and Table A1,"Independent: Adjusted list experiment estimate, estimate (pp)",26.535851206228962,26.5,1,26.535851206228962,1,NA,
coppock_2017a,table_a1_independent_list_est_adj_se,Figure 1 and Table A1,"Independent: Adjusted list experiment estimate, standard error (pp)",6.969973393661181,6.9,0,6.969973393661181,0,archive,Bootstrap standard error. The deposited resampling code postdates publication by two years and no configuration of it recovers the published value exactly
coppock_2017a,table_a1_independent_difference_adj,Figure 1 and Table A1,"Independent: Adjusted difference, estimate (pp)",-7.723621932939934,-7.7,1,-7.723621932939934,1,NA,
coppock_2017a,table_a1_independent_difference_adj_se,Figure 1 and Table A1,"Independent: Adjusted difference, standard error (pp)",6.961260091525218,6.9,0,6.961260091525218,0,archive,Bootstrap standard error. The deposited resampling code postdates publication by two years and no configuration of it recovers the published value exactly
coppock_2017a,table_a1_lean_republican_direct_est,Figure 1 and Table A1,"Lean republican: Direct question estimate, estimate (pp)",73.42083148224046,73.4,1,73.42083148224046,1,NA,
coppock_2017a,table_a1_lean_republican_direct_est_se,Figure 1 and Table A1,"Lean republican: Direct question estimate, standard error (pp)",2.626738712976004,2.7,0,2.626738712976004,0,archive,Bootstrap standard error. The deposited resampling code postdates publication by two years and no configuration of it recovers the published value exactly
coppock_2017a,table_a1_lean_republican_list_est,Figure 1 and Table A1,"Lean republican: List experiment estimate, estimate (pp)",55.87000345182508,55.9,1,55.87000345182508,1,NA,
coppock_2017a,table_a1_lean_republican_list_est_se,Figure 1 and Table A1,"Lean republican: List experiment estimate, standard error (pp)",11.23609591553326,11.0,0,11.23609591553326,0,archive,Bootstrap standard error. The deposited resampling code postdates publication by two years and no configuration of it recovers the published value exactly
coppock_2017a,table_a1_lean_republican_difference,Figure 1 and Table A1,"Lean republican: Difference, estimate (pp)",17.550828030415374,17.6,1,17.550828030415374,1,NA,
coppock_2017a,table_a1_lean_republican_difference_se,Figure 1 and Table A1,"Lean republican: Difference, standard error (pp)",11.541264343938003,11.1,0,11.541264343938003,0,archive,Bootstrap standard error. The deposited resampling code postdates publication by two years and no configuration of it recovers the published value exactly
coppock_2017a,table_a1_lean_republican_direct_est_adj,Figure 1 and Table A1,"Lean republican: Adjusted direct question estimate, estimate (pp)",59.83739012228359,59.8,1,59.83739012228359,1,NA,
coppock_2017a,table_a1_lean_republican_direct_est_adj_se,Figure 1 and Table A1,"Lean republican: Adjusted direct question estimate, standard error (pp)",2.305266013967688,2.4,0,2.305266013967688,0,archive,Bootstrap standard error. The deposited resampling code postdates publication by two years and no configuration of it recovers the published value exactly
coppock_2017a,table_a1_lean_republican_list_est_adj,Figure 1 and Table A1,"Lean republican: Adjusted list experiment estimate, estimate (pp)",48.54206785183546,48.5,1,48.54206785183546,1,NA,
coppock_2017a,table_a1_lean_republican_list_est_adj_se,Figure 1 and Table A1,"Lean republican: Adjusted list experiment estimate, standard error (pp)",13.633351062119962,12.5,0,13.633351062119962,0,archive,Bootstrap standard error. The deposited resampling code postdates publication by two years and no configuration of it recovers the published value exactly
coppock_2017a,table_a1_lean_republican_difference_adj,Figure 1 and Table A1,"Lean republican: Adjusted difference, estimate (pp)",11.295322270448121,11.3,1,11.295322270448121,1,NA,
coppock_2017a,table_a1_lean_republican_difference_adj_se,Figure 1 and Table A1,"Lean republican: Adjusted difference, standard error (pp)",13.635513700342347,12.3,0,13.635513700342347,0,archive,Bootstrap standard error. The deposited resampling code postdates publication by two years and no configuration of it recovers the published value exactly
coppock_2017a,table_a1_not_very_strong_republican_direct_est,Figure 1 and Table A1,"Not very strong republican: Direct question estimate, estimate (pp)",68.1300970317964,68.1,1,68.1300970317964,1,NA,
coppock_2017a,table_a1_not_very_strong_republican_direct_est_se,Figure 1 and Table A1,"Not very strong republican: Direct question estimate, standard error (pp)",1.883921920602986,1.9,1,1.883921920602986,1,NA,
coppock_2017a,table_a1_not_very_strong_republican_list_est,Figure 1 and Table A1,"Not very strong republican: List experiment estimate, estimate (pp)",72.10685882679468,72.1,1,72.10685882679468,1,NA,
coppock_2017a,table_a1_not_very_strong_republican_list_est_se,Figure 1 and Table A1,"Not very strong republican: List experiment estimate, standard error (pp)",8.34261538807338,8.2,0,8.34261538807338,0,archive,Bootstrap standard error. The deposited resampling code postdates publication by two years and no configuration of it recovers the published value exactly
coppock_2017a,table_a1_not_very_strong_republican_difference,Figure 1 and Table A1,"Not very strong republican: Difference, estimate (pp)",-3.9767617949982728,-4.0,1,-3.9767617949982728,1,NA,
coppock_2017a,table_a1_not_very_strong_republican_difference_se,Figure 1 and Table A1,"Not very strong republican: Difference, standard error (pp)",8.133681250112963,8.0,0,8.133681250112963,0,archive,Bootstrap standard error. The deposited resampling code postdates publication by two years and no configuration of it recovers the published value exactly
coppock_2017a,table_a1_not_very_strong_republican_direct_est_adj,Figure 1 and Table A1,"Not very strong republican: Adjusted direct question estimate, estimate (pp)",72.3992489674983,72.4,1,72.3992489674983,1,NA,
coppock_2017a,table_a1_not_very_strong_republican_direct_est_adj_se,Figure 1 and Table A1,"Not very strong republican: Adjusted direct question estimate, standard error (pp)",1.27656399539567,1.3,1,1.27656399539567,1,NA,
coppock_2017a,table_a1_not_very_strong_republican_list_est_adj,Figure 1 and Table A1,"Not very strong republican: Adjusted list experiment estimate, estimate (pp)",73.17282732905514,73.2,1,73.17282732905514,1,NA,
coppock_2017a,table_a1_not_very_strong_republican_list_est_adj_se,Figure 1 and Table A1,"Not very strong republican: Adjusted list experiment estimate, standard error (pp)",6.6623572107723845,6.9,0,6.6623572107723845,0,archive,Bootstrap standard error. The deposited resampling code postdates publication by two years and no configuration of it recovers the published value exactly
coppock_2017a,table_a1_not_very_strong_republican_difference_adj,Figure 1 and Table A1,"Not very strong republican: Adjusted difference, estimate (pp)",-0.773578361556848,-0.8,1,-0.773578361556848,1,NA,
coppock_2017a,table_a1_not_very_strong_republican_difference_adj_se,Figure 1 and Table A1,"Not very strong republican: Adjusted difference, standard error (pp)",6.606020020993657,6.9,0,6.606020020993657,0,archive,Bootstrap standard error. The deposited resampling code postdates publication by two years and no configuration of it recovers the published value exactly
coppock_2017a,table_a1_strong_republican_direct_est,Figure 1 and Table A1,"Strong republican: Direct question estimate, estimate (pp)",90.43799412048578,90.4,1,90.43799412048578,1,NA,
coppock_2017a,table_a1_strong_republican_direct_est_se,Figure 1 and Table A1,"Strong republican: Direct question estimate, standard error (pp)",1.384212573285952,1.3,0,1.384212573285952,0,archive,Bootstrap standard error. The deposited resampling code postdates publication by two years and no configuration of it recovers the published value exactly
coppock_2017a,table_a1_strong_republican_list_est,Figure 1 and Table A1,"Strong republican: List experiment estimate, estimate (pp)",80.50445409113787,80.5,1,80.50445409113787,1,NA,
coppock_2017a,table_a1_strong_republican_list_est_se,Figure 1 and Table A1,"Strong republican: List experiment estimate, standard error (pp)",9.513431283568147,9.7,0,9.513431283568147,0,archive,Bootstrap standard error. The deposited resampling code postdates publication by two years and no configuration of it recovers the published value exactly
coppock_2017a,table_a1_strong_republican_difference,Figure 1 and Table A1,"Strong republican: Difference, estimate (pp)",9.933540029347899,9.9,1,9.933540029347899,1,NA,
coppock_2017a,table_a1_strong_republican_difference_se,Figure 1 and Table A1,"Strong republican: Difference, standard error (pp)",9.554657173465136,9.7,0,9.554657173465136,0,archive,Bootstrap standard error. The deposited resampling code postdates publication by two years and no configuration of it recovers the published value exactly
coppock_2017a,table_a1_strong_republican_direct_est_adj,Figure 1 and Table A1,"Strong republican: Adjusted direct question estimate, estimate (pp)",84.12691799520591,84.1,1,84.12691799520591,1,NA,
coppock_2017a,table_a1_strong_republican_direct_est_adj_se,Figure 1 and Table A1,"Strong republican: Adjusted direct question estimate, standard error (pp)",1.257609629056585,1.3,1,1.257609629056585,1,NA,
coppock_2017a,table_a1_strong_republican_list_est_adj,Figure 1 and Table A1,"Strong republican: Adjusted list experiment estimate, estimate (pp)",89.63077804768788,89.6,1,89.63077804768788,1,NA,
coppock_2017a,table_a1_strong_republican_list_est_adj_se,Figure 1 and Table A1,"Strong republican: Adjusted list experiment estimate, standard error (pp)",6.019332220144034,6.5,0,6.019332220144034,0,archive,Bootstrap standard error. The deposited resampling code postdates publication by two years and no configuration of it recovers the published value exactly
coppock_2017a,table_a1_strong_republican_difference_adj,Figure 1 and Table A1,"Strong republican: Adjusted difference, estimate (pp)",-5.5038600524819685,-5.5,1,-5.5038600524819685,1,NA,
coppock_2017a,table_a1_strong_republican_difference_adj_se,Figure 1 and Table A1,"Strong republican: Adjusted difference, standard error (pp)",6.032855591961474,6.6,0,6.032855591961474,0,archive,Bootstrap standard error. The deposited resampling code postdates publication by two years and no configuration of it recovers the published value exactly
coppock_2017a,table_a1_less_than_high_school_direct_est,Figure 1 and Table A1,"Less than high school: Direct question estimate, estimate (pp)",30.734240982344847,30.7,1,30.734240982344847,1,NA,
coppock_2017a,table_a1_less_than_high_school_direct_est_se,Figure 1 and Table A1,"Less than high school: Direct question estimate, standard error (pp)",4.2542756782900435,4.2,0,4.2542756782900435,0,archive,Bootstrap standard error. The deposited resampling code postdates publication by two years and no configuration of it recovers the published value exactly
coppock_2017a,table_a1_less_than_high_school_list_est,Figure 1 and Table A1,"Less than high school: List experiment estimate, estimate (pp)",-4.320041705634986,-4.3,1,-4.320041705634986,1,NA,
coppock_2017a,table_a1_less_than_high_school_list_est_se,Figure 1 and Table A1,"Less than high school: List experiment estimate, standard error (pp)",18.56245081925679,18.4,0,18.56245081925679,0,archive,Bootstrap standard error. The deposited resampling code postdates publication by two years and no configuration of it recovers the published value exactly
coppock_2017a,table_a1_less_than_high_school_difference,Figure 1 and Table A1,"Less than high school: Difference, estimate (pp)",35.054282687979835,35.1,1,35.054282687979835,1,NA,
coppock_2017a,table_a1_less_than_high_school_difference_se,Figure 1 and Table A1,"Less than high school: Difference, standard error (pp)",18.261364150725505,18.4,0,18.261364150725505,0,archive,Bootstrap standard error. The deposited resampling code postdates publication by two years and no configuration of it recovers the published value exactly
coppock_2017a,table_a1_less_than_high_school_direct_est_adj,Figure 1 and Table A1,"Less than high school: Adjusted direct question estimate, estimate (pp)",33.63550036401538,33.6,1,33.63550036401538,1,NA,
coppock_2017a,table_a1_less_than_high_school_direct_est_adj_se,Figure 1 and Table A1,"Less than high school: Adjusted direct question estimate, standard error (pp)",4.194326864830842,4.2,1,4.194326864830842,1,NA,
coppock_2017a,table_a1_less_than_high_school_list_est_adj,Figure 1 and Table A1,"Less than high school: Adjusted list experiment estimate, estimate (pp)",15.303147976877499,15.3,1,15.303147976877499,1,NA,
coppock_2017a,table_a1_less_than_high_school_list_est_adj_se,Figure 1 and Table A1,"Less than high school: Adjusted list experiment estimate, standard error (pp)",9.155235192932516,9.1,0,9.155235192932516,0,archive,Bootstrap standard error. The deposited resampling code postdates publication by two years and no configuration of it recovers the published value exactly
coppock_2017a,table_a1_less_than_high_school_difference_adj,Figure 1 and Table A1,"Less than high school: Adjusted difference, estimate (pp)",18.332352387137878,18.3,1,18.332352387137878,1,NA,
coppock_2017a,table_a1_less_than_high_school_difference_adj_se,Figure 1 and Table A1,"Less than high school: Adjusted difference, standard error (pp)",9.373028171473505,9.7,0,9.373028171473505,0,archive,Bootstrap standard error. The deposited resampling code postdates publication by two years and no configuration of it recovers the published value exactly
coppock_2017a,table_a1_high_school_or_some_college_direct_est,Figure 1 and Table A1,"High school or some college: Direct question estimate, estimate (pp)",34.39545157666546,34.4,1,34.39545157666546,1,NA,
coppock_2017a,table_a1_high_school_or_some_college_direct_est_se,Figure 1 and Table A1,"High school or some college: Direct question estimate, standard error (pp)",1.059882087054049,1.1,1,1.059882087054049,1,NA,
coppock_2017a,table_a1_high_school_or_some_college_list_est,Figure 1 and Table A1,"High school or some college: List experiment estimate, estimate (pp)",35.77137130349888,35.8,1,35.77137130349888,1,NA,
coppock_2017a,table_a1_high_school_or_some_college_list_est_se,Figure 1 and Table A1,"High school or some college: List experiment estimate, standard error (pp)",4.539263709099006,4.7,0,4.539263709099006,0,archive,Bootstrap standard error. The deposited resampling code postdates publication by two years and no configuration of it recovers the published value exactly
coppock_2017a,table_a1_high_school_or_some_college_difference,Figure 1 and Table A1,"High school or some college: Difference, estimate (pp)",-1.375919726833418,-1.4,1,-1.375919726833418,1,NA,
coppock_2017a,table_a1_high_school_or_some_college_difference_se,Figure 1 and Table A1,"High school or some college: Difference, standard error (pp)",4.502815208762061,4.6,0,4.502815208762061,0,archive,Bootstrap standard error. The deposited resampling code postdates publication by two years and no configuration of it recovers the published value exactly
coppock_2017a,table_a1_high_school_or_some_college_direct_est_adj,Figure 1 and Table A1,"High school or some college: Adjusted direct question estimate, estimate (pp)",36.2134918724515,36.2,1,36.2134918724515,1,NA,
coppock_2017a,table_a1_high_school_or_some_college_direct_est_adj_se,Figure 1 and Table A1,"High school or some college: Adjusted direct question estimate, standard error (pp)",0.9615438416201889,1.0,1,0.9615438416201889,1,NA,
coppock_2017a,table_a1_high_school_or_some_college_list_est_adj,Figure 1 and Table A1,"High school or some college: Adjusted list experiment estimate, estimate (pp)",36.66402585477454,36.7,1,36.66402585477454,1,NA,
coppock_2017a,table_a1_high_school_or_some_college_list_est_adj_se,Figure 1 and Table A1,"High school or some college: Adjusted list experiment estimate, standard error (pp)",4.345748574851411,4.2,0,4.345748574851411,0,archive,Bootstrap standard error. The deposited resampling code postdates publication by two years and no configuration of it recovers the published value exactly
coppock_2017a,table_a1_high_school_or_some_college_difference_adj,Figure 1 and Table A1,"High school or some college: Adjusted difference, estimate (pp)",-0.450533982323048,-0.5,1,-0.450533982323048,1,NA,
coppock_2017a,table_a1_high_school_or_some_college_difference_adj_se,Figure 1 and Table A1,"High school or some college: Adjusted difference, standard error (pp)",4.319273649642154,4.2,0,4.319273649642154,0,archive,Bootstrap standard error. The deposited resampling code postdates publication by two years and no configuration of it recovers the published value exactly
coppock_2017a,table_a1_college_direct_est,Figure 1 and Table A1,"College: Direct question estimate, estimate (pp)",30.13931344961182,30.1,1,30.13931344961182,1,NA,
coppock_2017a,table_a1_college_direct_est_se,Figure 1 and Table A1,"College: Direct question estimate, standard error (pp)",1.346890777246234,1.4,0,1.346890777246234,0,archive,Bootstrap standard error. The deposited resampling code postdates publication by two years and no configuration of it recovers the published value exactly
coppock_2017a,table_a1_college_list_est,Figure 1 and Table A1,"College: List experiment estimate, estimate (pp)",27.412484428443385,27.4,1,27.412484428443385,1,NA,
coppock_2017a,table_a1_college_list_est_se,Figure 1 and Table A1,"College: List experiment estimate, standard error (pp)",4.976715699110609,5.0,1,4.976715699110609,1,NA,
coppock_2017a,table_a1_college_difference,Figure 1 and Table A1,"College: Difference, estimate (pp)",2.7268290211684363,2.7,1,2.7268290211684363,1,NA,
coppock_2017a,table_a1_college_difference_se,Figure 1 and Table A1,"College: Difference, standard error (pp)",4.899709126166755,5.0,0,4.899709126166755,0,archive,Bootstrap standard error. The deposited resampling code postdates publication by two years and no configuration of it recovers the published value exactly
coppock_2017a,table_a1_college_direct_est_adj,Figure 1 and Table A1,"College: Adjusted direct question estimate, estimate (pp)",32.46442745935919,32.5,1,32.46442745935919,1,NA,
coppock_2017a,table_a1_college_direct_est_adj_se,Figure 1 and Table A1,"College: Adjusted direct question estimate, standard error (pp)",1.303678822115725,1.3,1,1.303678822115725,1,NA,
coppock_2017a,table_a1_college_list_est_adj,Figure 1 and Table A1,"College: Adjusted list experiment estimate, estimate (pp)",35.476618599714236,35.5,1,35.476618599714236,1,NA,
coppock_2017a,table_a1_college_list_est_adj_se,Figure 1 and Table A1,"College: Adjusted list experiment estimate, standard error (pp)",4.698568828742928,4.7,1,4.698568828742928,1,NA,
coppock_2017a,table_a1_college_difference_adj,Figure 1 and Table A1,"College: Adjusted difference, estimate (pp)",-3.012191140355041,-3.0,1,-3.012191140355041,1,NA,
coppock_2017a,table_a1_college_difference_adj_se,Figure 1 and Table A1,"College: Adjusted difference, standard error (pp)",4.703752805190252,4.6,0,4.703752805190252,0,archive,Bootstrap standard error. The deposited resampling code postdates publication by two years and no configuration of it recovers the published value exactly
coppock_2017a,table_a1_graduate_school_direct_est,Figure 1 and Table A1,"Graduate school: Direct question estimate, estimate (pp)",25.764921143923118,25.8,1,25.764921143923118,1,NA,
coppock_2017a,table_a1_graduate_school_direct_est_se,Figure 1 and Table A1,"Graduate school: Direct question estimate, standard error (pp)",1.633796279336783,1.7,0,1.633796279336783,0,archive,Bootstrap standard error. The deposited resampling code postdates publication by two years and no configuration of it recovers the published value exactly
coppock_2017a,table_a1_graduate_school_list_est,Figure 1 and Table A1,"Graduate school: List experiment estimate, estimate (pp)",10.89752697939074,10.9,1,10.89752697939074,1,NA,
coppock_2017a,table_a1_graduate_school_list_est_se,Figure 1 and Table A1,"Graduate school: List experiment estimate, standard error (pp)",6.814834398745946,6.7,0,6.814834398745946,0,archive,Bootstrap standard error. The deposited resampling code postdates publication by two years and no configuration of it recovers the published value exactly
coppock_2017a,table_a1_graduate_school_difference,Figure 1 and Table A1,"Graduate school: Difference, estimate (pp)",14.867394164532378,14.9,1,14.867394164532378,1,NA,
coppock_2017a,table_a1_graduate_school_difference_se,Figure 1 and Table A1,"Graduate school: Difference, standard error (pp)",6.6741530428611,6.5,0,6.6741530428611,0,archive,Bootstrap standard error. The deposited resampling code postdates publication by two years and no configuration of it recovers the published value exactly
coppock_2017a,table_a1_graduate_school_direct_est_adj,Figure 1 and Table A1,"Graduate school: Adjusted direct question estimate, estimate (pp)",27.09882047770887,27.1,1,27.09882047770887,1,NA,
coppock_2017a,table_a1_graduate_school_direct_est_adj_se,Figure 1 and Table A1,"Graduate school: Adjusted direct question estimate, standard error (pp)",1.614213278549146,1.6,1,1.614213278549146,1,NA,
coppock_2017a,table_a1_graduate_school_list_est_adj,Figure 1 and Table A1,"Graduate school: Adjusted list experiment estimate, estimate (pp)",20.526516036382272,20.5,1,20.526516036382272,1,NA,
coppock_2017a,table_a1_graduate_school_list_est_adj_se,Figure 1 and Table A1,"Graduate school: Adjusted list experiment estimate, standard error (pp)",4.716273844020174,4.7,1,4.716273844020174,1,NA,
coppock_2017a,table_a1_graduate_school_difference_adj,Figure 1 and Table A1,"Graduate school: Adjusted difference, estimate (pp)",6.572304441326596,6.6,1,6.572304441326596,1,NA,
coppock_2017a,table_a1_graduate_school_difference_adj_se,Figure 1 and Table A1,"Graduate school: Adjusted difference, standard error (pp)",4.509602403571975,4.5,1,4.509602403571975,1,NA,
coppock_2017a,table_a1_below_20th_income_percentile_direct_est,Figure 1 and Table A1,"Below 20th income percentile: Direct question estimate, estimate (pp)",30.67261075456965,30.7,1,27.15764978939685,0,archive,"Errata: the rewrite prints the income label the data supports, so it disagrees with the published label by construction. Intentional correction, not a defect in the rewrite"
coppock_2017a,table_a1_below_20th_income_percentile_direct_est_se,Figure 1 and Table A1,"Below 20th income percentile: Direct question estimate, standard error (pp)",1.823335756781672,1.8,1,1.978666281932695,0,archive,"Errata: the rewrite prints the income label the data supports, so it disagrees with the published label by construction. Intentional correction, not a defect in the rewrite"
coppock_2017a,table_a1_below_20th_income_percentile_list_est,Figure 1 and Table A1,"Below 20th income percentile: List experiment estimate, estimate (pp)",15.582158819605471,15.6,1,30.513363869130373,0,archive,"Errata: the rewrite prints the income label the data supports, so it disagrees with the published label by construction. Intentional correction, not a defect in the rewrite"
coppock_2017a,table_a1_below_20th_income_percentile_list_est_se,Figure 1 and Table A1,"Below 20th income percentile: List experiment estimate, standard error (pp)",8.449854765697323,8.2,0,8.603033541667989,0,archive,"Errata: the rewrite prints the income label the data supports, so it disagrees with the published label by construction. Intentional correction, not a defect in the rewrite"
coppock_2017a,table_a1_below_20th_income_percentile_difference,Figure 1 and Table A1,"Below 20th income percentile: Difference, estimate (pp)",15.09045193496418,15.1,1,-3.3557140797335236,0,archive,"Errata: the rewrite prints the income label the data supports, so it disagrees with the published label by construction. Intentional correction, not a defect in the rewrite"
coppock_2017a,table_a1_below_20th_income_percentile_difference_se,Figure 1 and Table A1,"Below 20th income percentile: Difference, standard error (pp)",7.949720786712583,7.8,0,8.688161880281147,0,archive,"Errata: the rewrite prints the income label the data supports, so it disagrees with the published label by construction. Intentional correction, not a defect in the rewrite"
coppock_2017a,table_a1_below_20th_income_percentile_direct_est_adj,Figure 1 and Table A1,"Below 20th income percentile: Adjusted direct question estimate, estimate (pp)",33.33647274285074,33.3,1,27.500950076164877,0,archive,"Errata: the rewrite prints the income label the data supports, so it disagrees with the published label by construction. Intentional correction, not a defect in the rewrite"
coppock_2017a,table_a1_below_20th_income_percentile_direct_est_adj_se,Figure 1 and Table A1,"Below 20th income percentile: Adjusted direct question estimate, standard error (pp)",1.24367921461176,1.2,1,1.404428516488362,0,archive,"Errata: the rewrite prints the income label the data supports, so it disagrees with the published label by construction. Intentional correction, not a defect in the rewrite"
coppock_2017a,table_a1_below_20th_income_percentile_list_est_adj,Figure 1 and Table A1,"Below 20th income percentile: Adjusted list experiment estimate, estimate (pp)",30.983007221570304,31.0,1,21.385490351722787,0,archive,"Errata: the rewrite prints the income label the data supports, so it disagrees with the published label by construction. Intentional correction, not a defect in the rewrite"
coppock_2017a,table_a1_below_20th_income_percentile_list_est_adj_se,Figure 1 and Table A1,"Below 20th income percentile: Adjusted list experiment estimate, standard error (pp)",4.172103177838484,4.0,0,5.071125778492251,0,archive,"Errata: the rewrite prints the income label the data supports, so it disagrees with the published label by construction. Intentional correction, not a defect in the rewrite"
coppock_2017a,table_a1_below_20th_income_percentile_difference_adj,Figure 1 and Table A1,"Below 20th income percentile: Adjusted difference, estimate (pp)",2.3534655212804343,2.4,1,6.115459724442088,0,archive,"Errata: the rewrite prints the income label the data supports, so it disagrees with the published label by construction. Intentional correction, not a defect in the rewrite"
coppock_2017a,table_a1_below_20th_income_percentile_difference_adj_se,Figure 1 and Table A1,"Below 20th income percentile: Adjusted difference, standard error (pp)",4.030276882772542,3.9,0,5.016051758526903,0,archive,"Errata: the rewrite prints the income label the data supports, so it disagrees with the published label by construction. Intentional correction, not a defect in the rewrite"
coppock_2017a,table_a1_20th40th_income_percentile_direct_est,Figure 1 and Table A1,"20th-40th income percentile: Direct question estimate, estimate (pp)",36.5854497827153,36.6,1,30.67261075456965,0,archive,"Errata: the rewrite prints the income label the data supports, so it disagrees with the published label by construction. Intentional correction, not a defect in the rewrite"
coppock_2017a,table_a1_20th40th_income_percentile_direct_est_se,Figure 1 and Table A1,"20th-40th income percentile: Direct question estimate, standard error (pp)",1.6669400116045199,1.7,1,1.823335756781672,0,archive,"Errata: the rewrite prints the income label the data supports, so it disagrees with the published label by construction. Intentional correction, not a defect in the rewrite"
coppock_2017a,table_a1_20th40th_income_percentile_list_est,Figure 1 and Table A1,"20th-40th income percentile: List experiment estimate, estimate (pp)",38.38861933561315,38.4,1,15.582158819605471,0,archive,"Errata: the rewrite prints the income label the data supports, so it disagrees with the published label by construction. Intentional correction, not a defect in the rewrite"
coppock_2017a,table_a1_20th40th_income_percentile_list_est_se,Figure 1 and Table A1,"20th-40th income percentile: List experiment estimate, standard error (pp)",6.130725981420048,6.3,0,8.449854765697323,0,archive,"Errata: the rewrite prints the income label the data supports, so it disagrees with the published label by construction. Intentional correction, not a defect in the rewrite"
coppock_2017a,table_a1_20th40th_income_percentile_difference,Figure 1 and Table A1,"20th-40th income percentile: Difference, estimate (pp)",-1.803169552897848,-1.8,1,15.09045193496418,0,archive,"Errata: the rewrite prints the income label the data supports, so it disagrees with the published label by construction. Intentional correction, not a defect in the rewrite"
coppock_2017a,table_a1_20th40th_income_percentile_difference_se,Figure 1 and Table A1,"20th-40th income percentile: Difference, standard error (pp)",5.959471724896487,6.2,0,7.949720786712583,0,archive,"Errata: the rewrite prints the income label the data supports, so it disagrees with the published label by construction. Intentional correction, not a defect in the rewrite"
coppock_2017a,table_a1_20th40th_income_percentile_direct_est_adj,Figure 1 and Table A1,"20th-40th income percentile: Adjusted direct question estimate, estimate (pp)",35.567325096439035,35.6,1,33.33647274285074,0,archive,"Errata: the rewrite prints the income label the data supports, so it disagrees with the published label by construction. Intentional correction, not a defect in the rewrite"
coppock_2017a,table_a1_20th40th_income_percentile_direct_est_adj_se,Figure 1 and Table A1,"20th-40th income percentile: Adjusted direct question estimate, standard error (pp)",1.03073964112222,1.1,0,1.24367921461176,0,archive,"Errata: the rewrite prints the income label the data supports, so it disagrees with the published label by construction. Intentional correction, not a defect in the rewrite"
coppock_2017a,table_a1_20th40th_income_percentile_list_est_adj,Figure 1 and Table A1,"20th-40th income percentile: Adjusted list experiment estimate, estimate (pp)",34.63440891918833,34.6,1,30.983007221570304,0,archive,"Errata: the rewrite prints the income label the data supports, so it disagrees with the published label by construction. Intentional correction, not a defect in the rewrite"
coppock_2017a,table_a1_20th40th_income_percentile_list_est_adj_se,Figure 1 and Table A1,"20th-40th income percentile: Adjusted list experiment estimate, standard error (pp)",2.883176281242248,2.8,0,4.172103177838484,0,archive,"Errata: the rewrite prints the income label the data supports, so it disagrees with the published label by construction. Intentional correction, not a defect in the rewrite"
coppock_2017a,table_a1_20th40th_income_percentile_difference_adj,Figure 1 and Table A1,"20th-40th income percentile: Adjusted difference, estimate (pp)",0.932916177250703,0.9,1,2.3534655212804343,0,archive,"Errata: the rewrite prints the income label the data supports, so it disagrees with the published label by construction. Intentional correction, not a defect in the rewrite"
coppock_2017a,table_a1_20th40th_income_percentile_difference_adj_se,Figure 1 and Table A1,"20th-40th income percentile: Adjusted difference, standard error (pp)",2.775119649964786,2.7,0,4.030276882772542,0,archive,"Errata: the rewrite prints the income label the data supports, so it disagrees with the published label by construction. Intentional correction, not a defect in the rewrite"
coppock_2017a,table_a1_40th60th_income_percentile_direct_est,Figure 1 and Table A1,"40th-60th income percentile: Direct question estimate, estimate (pp)",33.95962565948947,34.0,1,36.5854497827153,0,archive,"Errata: the rewrite prints the income label the data supports, so it disagrees with the published label by construction. Intentional correction, not a defect in the rewrite"
coppock_2017a,table_a1_40th60th_income_percentile_direct_est_se,Figure 1 and Table A1,"40th-60th income percentile: Direct question estimate, standard error (pp)",1.9830124430744709,2.1,0,1.6669400116045199,0,archive,"Errata: the rewrite prints the income label the data supports, so it disagrees with the published label by construction. Intentional correction, not a defect in the rewrite"
coppock_2017a,table_a1_40th60th_income_percentile_list_est,Figure 1 and Table A1,"40th-60th income percentile: List experiment estimate, estimate (pp)",19.68808728480032,19.7,1,38.38861933561315,0,archive,"Errata: the rewrite prints the income label the data supports, so it disagrees with the published label by construction. Intentional correction, not a defect in the rewrite"
coppock_2017a,table_a1_40th60th_income_percentile_list_est_se,Figure 1 and Table A1,"40th-60th income percentile: List experiment estimate, standard error (pp)",7.292435963219478,7.3,1,6.130725981420048,0,archive,"Errata: the rewrite prints the income label the data supports, so it disagrees with the published label by construction. Intentional correction, not a defect in the rewrite"
coppock_2017a,table_a1_40th60th_income_percentile_difference,Figure 1 and Table A1,"40th-60th income percentile: Difference, estimate (pp)",14.271538374689149,14.3,1,-1.803169552897848,0,archive,"Errata: the rewrite prints the income label the data supports, so it disagrees with the published label by construction. Intentional correction, not a defect in the rewrite"
coppock_2017a,table_a1_40th60th_income_percentile_difference_se,Figure 1 and Table A1,"40th-60th income percentile: Difference, standard error (pp)",7.326623644762742,7.3,1,5.959471724896487,0,archive,"Errata: the rewrite prints the income label the data supports, so it disagrees with the published label by construction. Intentional correction, not a defect in the rewrite"
coppock_2017a,table_a1_40th60th_income_percentile_direct_est_adj,Figure 1 and Table A1,"40th-60th income percentile: Adjusted direct question estimate, estimate (pp)",34.02096523184252,34.0,1,35.567325096439035,0,archive,"Errata: the rewrite prints the income label the data supports, so it disagrees with the published label by construction. Intentional correction, not a defect in the rewrite"
coppock_2017a,table_a1_40th60th_income_percentile_direct_est_adj_se,Figure 1 and Table A1,"40th-60th income percentile: Adjusted direct question estimate, standard error (pp)",1.242790115274639,1.3,0,1.03073964112222,0,archive,"Errata: the rewrite prints the income label the data supports, so it disagrees with the published label by construction. Intentional correction, not a defect in the rewrite"
coppock_2017a,table_a1_40th60th_income_percentile_list_est_adj,Figure 1 and Table A1,"40th-60th income percentile: Adjusted list experiment estimate, estimate (pp)",34.79022499123532,34.8,1,34.63440891918833,0,archive,"Errata: the rewrite prints the income label the data supports, so it disagrees with the published label by construction. Intentional correction, not a defect in the rewrite"
coppock_2017a,table_a1_40th60th_income_percentile_list_est_adj_se,Figure 1 and Table A1,"40th-60th income percentile: Adjusted list experiment estimate, standard error (pp)",3.3151472034130975,3.3,1,2.883176281242248,0,archive,"Errata: the rewrite prints the income label the data supports, so it disagrees with the published label by construction. Intentional correction, not a defect in the rewrite"
coppock_2017a,table_a1_40th60th_income_percentile_difference_adj,Figure 1 and Table A1,"40th-60th income percentile: Adjusted difference, estimate (pp)",-0.769259759392804,-0.8,1,0.932916177250703,0,archive,"Errata: the rewrite prints the income label the data supports, so it disagrees with the published label by construction. Intentional correction, not a defect in the rewrite"
coppock_2017a,table_a1_40th60th_income_percentile_difference_adj_se,Figure 1 and Table A1,"40th-60th income percentile: Adjusted difference, standard error (pp)",3.1096690953302293,3.1,1,2.775119649964786,0,archive,"Errata: the rewrite prints the income label the data supports, so it disagrees with the published label by construction. Intentional correction, not a defect in the rewrite"
coppock_2017a,table_a1_60th80th_income_percentile_direct_est,Figure 1 and Table A1,"60th-80th income percentile: Direct question estimate, estimate (pp)",33.94663522009404,33.9,1,33.95962565948947,0,archive,"Errata: the rewrite prints the income label the data supports, so it disagrees with the published label by construction. Intentional correction, not a defect in the rewrite"
coppock_2017a,table_a1_60th80th_income_percentile_direct_est_se,Figure 1 and Table A1,"60th-80th income percentile: Direct question estimate, standard error (pp)",1.750107704109574,1.8,1,1.9830124430744709,0,archive,"Errata: the rewrite prints the income label the data supports, so it disagrees with the published label by construction. Intentional correction, not a defect in the rewrite"
coppock_2017a,table_a1_60th80th_income_percentile_list_est,Figure 1 and Table A1,"60th-80th income percentile: List experiment estimate, estimate (pp)",40.703882784463985,40.7,1,19.68808728480032,0,archive,"Errata: the rewrite prints the income label the data supports, so it disagrees with the published label by construction. Intentional correction, not a defect in the rewrite"
coppock_2017a,table_a1_60th80th_income_percentile_list_est_se,Figure 1 and Table A1,"60th-80th income percentile: List experiment estimate, standard error (pp)",7.729322360052865,7.4,0,7.292435963219478,0,archive,"Errata: the rewrite prints the income label the data supports, so it disagrees with the published label by construction. Intentional correction, not a defect in the rewrite"
coppock_2017a,table_a1_60th80th_income_percentile_difference,Figure 1 and Table A1,"60th-80th income percentile: Difference, estimate (pp)",-6.75724756436995,-6.8,1,14.271538374689149,0,archive,"Errata: the rewrite prints the income label the data supports, so it disagrees with the published label by construction. Intentional correction, not a defect in the rewrite"
coppock_2017a,table_a1_60th80th_income_percentile_difference_se,Figure 1 and Table A1,"60th-80th income percentile: Difference, standard error (pp)",7.671773436787638,7.4,0,7.326623644762742,0,archive,"Errata: the rewrite prints the income label the data supports, so it disagrees with the published label by construction. Intentional correction, not a defect in the rewrite"
coppock_2017a,table_a1_60th80th_income_percentile_direct_est_adj,Figure 1 and Table A1,"60th-80th income percentile: Adjusted direct question estimate, estimate (pp)",35.388475257419785,35.4,1,34.02096523184252,0,archive,"Errata: the rewrite prints the income label the data supports, so it disagrees with the published label by construction. Intentional correction, not a defect in the rewrite"
coppock_2017a,table_a1_60th80th_income_percentile_direct_est_adj_se,Figure 1 and Table A1,"60th-80th income percentile: Adjusted direct question estimate, standard error (pp)",1.358947466522343,1.4,1,1.242790115274639,0,archive,"Errata: the rewrite prints the income label the data supports, so it disagrees with the published label by construction. Intentional correction, not a defect in the rewrite"
coppock_2017a,table_a1_60th80th_income_percentile_list_est_adj,Figure 1 and Table A1,"60th-80th income percentile: Adjusted list experiment estimate, estimate (pp)",39.690520725963715,39.7,1,34.79022499123532,0,archive,"Errata: the rewrite prints the income label the data supports, so it disagrees with the published label by construction. Intentional correction, not a defect in the rewrite"
coppock_2017a,table_a1_60th80th_income_percentile_list_est_adj_se,Figure 1 and Table A1,"60th-80th income percentile: Adjusted list experiment estimate, standard error (pp)",4.995427912772866,5.0,1,3.3151472034130975,0,archive,"Errata: the rewrite prints the income label the data supports, so it disagrees with the published label by construction. Intentional correction, not a defect in the rewrite"
coppock_2017a,table_a1_60th80th_income_percentile_difference_adj,Figure 1 and Table A1,"60th-80th income percentile: Adjusted difference, estimate (pp)",-4.302045468543936,-4.3,1,-0.769259759392804,0,archive,"Errata: the rewrite prints the income label the data supports, so it disagrees with the published label by construction. Intentional correction, not a defect in the rewrite"
coppock_2017a,table_a1_60th80th_income_percentile_difference_adj_se,Figure 1 and Table A1,"60th-80th income percentile: Adjusted difference, standard error (pp)",4.895089215185486,4.9,1,3.1096690953302293,0,archive,"Errata: the rewrite prints the income label the data supports, so it disagrees with the published label by construction. Intentional correction, not a defect in the rewrite"
coppock_2017a,table_a1_above_80th_income_percentile_direct_est,Figure 1 and Table A1,"Above 80th income percentile: Direct question estimate, estimate (pp)",27.15764978939685,27.2,1,33.94663522009404,0,archive,"Errata: the rewrite prints the income label the data supports, so it disagrees with the published label by construction. Intentional correction, not a defect in the rewrite"
coppock_2017a,table_a1_above_80th_income_percentile_direct_est_se,Figure 1 and Table A1,"Above 80th income percentile: Direct question estimate, standard error (pp)",1.978666281932695,2.0,1,1.750107704109574,0,archive,"Errata: the rewrite prints the income label the data supports, so it disagrees with the published label by construction. Intentional correction, not a defect in the rewrite"
coppock_2017a,table_a1_above_80th_income_percentile_list_est,Figure 1 and Table A1,"Above 80th income percentile: List experiment estimate, estimate (pp)",30.513363869130373,30.5,1,40.703882784463985,0,archive,"Errata: the rewrite prints the income label the data supports, so it disagrees with the published label by construction. Intentional correction, not a defect in the rewrite"
coppock_2017a,table_a1_above_80th_income_percentile_list_est_se,Figure 1 and Table A1,"Above 80th income percentile: List experiment estimate, standard error (pp)",8.603033541667989,8.8,0,7.729322360052865,0,archive,"Errata: the rewrite prints the income label the data supports, so it disagrees with the published label by construction. Intentional correction, not a defect in the rewrite"
coppock_2017a,table_a1_above_80th_income_percentile_difference,Figure 1 and Table A1,"Above 80th income percentile: Difference, estimate (pp)",-3.3557140797335236,-3.4,1,-6.75724756436995,0,archive,"Errata: the rewrite prints the income label the data supports, so it disagrees with the published label by construction. Intentional correction, not a defect in the rewrite"
coppock_2017a,table_a1_above_80th_income_percentile_difference_se,Figure 1 and Table A1,"Above 80th income percentile: Difference, standard error (pp)",8.688161880281147,9.0,0,7.671773436787638,0,archive,"Errata: the rewrite prints the income label the data supports, so it disagrees with the published label by construction. Intentional correction, not a defect in the rewrite"
coppock_2017a,table_a1_above_80th_income_percentile_direct_est_adj,Figure 1 and Table A1,"Above 80th income percentile: Adjusted direct question estimate, estimate (pp)",27.500950076164877,27.5,1,35.388475257419785,0,archive,"Errata: the rewrite prints the income label the data supports, so it disagrees with the published label by construction. Intentional correction, not a defect in the rewrite"
coppock_2017a,table_a1_above_80th_income_percentile_direct_est_adj_se,Figure 1 and Table A1,"Above 80th income percentile: Adjusted direct question estimate, standard error (pp)",1.404428516488362,1.4,1,1.358947466522343,1,NA,
coppock_2017a,table_a1_above_80th_income_percentile_list_est_adj,Figure 1 and Table A1,"Above 80th income percentile: Adjusted list experiment estimate, estimate (pp)",21.385490351722787,21.4,1,39.690520725963715,0,archive,"Errata: the rewrite prints the income label the data supports, so it disagrees with the published label by construction. Intentional correction, not a defect in the rewrite"
coppock_2017a,table_a1_above_80th_income_percentile_list_est_adj_se,Figure 1 and Table A1,"Above 80th income percentile: Adjusted list experiment estimate, standard error (pp)",5.071125778492251,4.7,0,4.995427912772866,0,archive,"Errata: the rewrite prints the income label the data supports, so it disagrees with the published label by construction. Intentional correction, not a defect in the rewrite"
coppock_2017a,table_a1_above_80th_income_percentile_difference_adj,Figure 1 and Table A1,"Above 80th income percentile: Adjusted difference, estimate (pp)",6.115459724442088,6.1,1,-4.302045468543936,0,archive,"Errata: the rewrite prints the income label the data supports, so it disagrees with the published label by construction. Intentional correction, not a defect in the rewrite"
coppock_2017a,table_a1_above_80th_income_percentile_difference_adj_se,Figure 1 and Table A1,"Above 80th income percentile: Adjusted difference, standard error (pp)",5.016051758526903,4.7,0,4.895089215185486,0,archive,"Errata: the rewrite prints the income label the data supports, so it disagrees with the published label by construction. Intentional correction, not a defect in the rewrite"
coppock_2017a,table_a1_men_direct_est,Figure 1 and Table A1,"Men: Direct question estimate, estimate (pp)",36.91540497208872,36.9,1,36.91540497208872,1,NA,
coppock_2017a,table_a1_men_direct_est_se,Figure 1 and Table A1,"Men: Direct question estimate, standard error (pp)",1.2565263868455019,1.3,1,1.2565263868455019,1,NA,
coppock_2017a,table_a1_men_list_est,Figure 1 and Table A1,"Men: List experiment estimate, estimate (pp)",33.45147944033021,33.5,1,33.45147944033021,1,NA,
coppock_2017a,table_a1_men_list_est_se,Figure 1 and Table A1,"Men: List experiment estimate, standard error (pp)",5.288453822175466,5.3,1,5.288453822175466,1,NA,
coppock_2017a,table_a1_men_difference,Figure 1 and Table A1,"Men: Difference, estimate (pp)",3.46392553175851,3.5,1,3.46392553175851,1,NA,
coppock_2017a,table_a1_men_difference_se,Figure 1 and Table A1,"Men: Difference, standard error (pp)",5.144729657498502,5.2,0,5.144729657498502,0,archive,Bootstrap standard error. The deposited resampling code postdates publication by two years and no configuration of it recovers the published value exactly
coppock_2017a,table_a1_men_direct_est_adj,Figure 1 and Table A1,"Men: Adjusted direct question estimate, estimate (pp)",38.03484802444857,38.0,1,38.03484802444857,1,NA,
coppock_2017a,table_a1_men_direct_est_adj_se,Figure 1 and Table A1,"Men: Adjusted direct question estimate, standard error (pp)",1.1087044095117868,1.1,1,1.1087044095117868,1,NA,
coppock_2017a,table_a1_men_list_est_adj,Figure 1 and Table A1,"Men: Adjusted list experiment estimate, estimate (pp)",33.512038687068454,33.5,1,33.512038687068454,1,NA,
coppock_2017a,table_a1_men_list_est_adj_se,Figure 1 and Table A1,"Men: Adjusted list experiment estimate, standard error (pp)",3.563747171187425,3.7,0,3.563747171187425,0,archive,Bootstrap standard error. The deposited resampling code postdates publication by two years and no configuration of it recovers the published value exactly
coppock_2017a,table_a1_men_difference_adj,Figure 1 and Table A1,"Men: Adjusted difference, estimate (pp)",4.522809337380112,4.5,1,4.522809337380112,1,NA,
coppock_2017a,table_a1_men_difference_adj_se,Figure 1 and Table A1,"Men: Adjusted difference, standard error (pp)",3.521856024316695,3.7,0,3.521856024316695,0,archive,Bootstrap standard error. The deposited resampling code postdates publication by two years and no configuration of it recovers the published value exactly
coppock_2017a,table_a1_women_direct_est,Figure 1 and Table A1,"Women: Direct question estimate, estimate (pp)",28.41545857781838,28.4,1,28.41545857781838,1,NA,
coppock_2017a,table_a1_women_direct_est_se,Figure 1 and Table A1,"Women: Direct question estimate, standard error (pp)",1.0515710276059589,1.1,1,1.0515710276059589,1,NA,
coppock_2017a,table_a1_women_list_est,Figure 1 and Table A1,"Women: List experiment estimate, estimate (pp)",26.417381686984413,26.4,1,26.417381686984413,1,NA,
coppock_2017a,table_a1_women_list_est_se,Figure 1 and Table A1,"Women: List experiment estimate, standard error (pp)",4.305697877138568,4.4,0,4.305697877138568,0,archive,Bootstrap standard error. The deposited resampling code postdates publication by two years and no configuration of it recovers the published value exactly
coppock_2017a,table_a1_women_difference,Figure 1 and Table A1,"Women: Difference, estimate (pp)",1.998076890833966,2.0,1,1.998076890833966,1,NA,
coppock_2017a,table_a1_women_difference_se,Figure 1 and Table A1,"Women: Difference, standard error (pp)",4.309371912240781,4.5,0,4.309371912240781,0,archive,Bootstrap standard error. The deposited resampling code postdates publication by two years and no configuration of it recovers the published value exactly
coppock_2017a,table_a1_women_direct_est_adj,Figure 1 and Table A1,"Women: Adjusted direct question estimate, estimate (pp)",30.087777183857284,30.1,1,30.087777183857284,1,NA,
coppock_2017a,table_a1_women_direct_est_adj_se,Figure 1 and Table A1,"Women: Adjusted direct question estimate, standard error (pp)",0.939769349490301,1.0,0,0.939769349490301,0,archive,Bootstrap standard error. The deposited resampling code postdates publication by two years and no configuration of it recovers the published value exactly
coppock_2017a,table_a1_women_list_est_adj,Figure 1 and Table A1,"Women: Adjusted list experiment estimate, estimate (pp)",32.653513186926055,32.7,1,32.653513186926055,1,NA,
coppock_2017a,table_a1_women_list_est_adj_se,Figure 1 and Table A1,"Women: Adjusted list experiment estimate, standard error (pp)",4.805131224927521,4.6,0,4.805131224927521,0,archive,Bootstrap standard error. The deposited resampling code postdates publication by two years and no configuration of it recovers the published value exactly
coppock_2017a,table_a1_women_difference_adj,Figure 1 and Table A1,"Women: Adjusted difference, estimate (pp)",-2.565736003068774,-2.6,1,-2.565736003068774,1,NA,
coppock_2017a,table_a1_women_difference_adj_se,Figure 1 and Table A1,"Women: Adjusted difference, standard error (pp)",4.814819846795864,4.6,0,4.814819846795864,0,archive,Bootstrap standard error. The deposited resampling code postdates publication by two years and no configuration of it recovers the published value exactly
coppock_2017a,table_a1_white_direct_est,Figure 1 and Table A1,"White: Direct question estimate, estimate (pp)",39.3884170221541,39.4,1,39.3884170221541,1,NA,
coppock_2017a,table_a1_white_direct_est_se,Figure 1 and Table A1,"White: Direct question estimate, standard error (pp)",1.02548340324549,1.1,0,1.02548340324549,0,archive,Bootstrap standard error. The deposited resampling code postdates publication by two years and no configuration of it recovers the published value exactly
coppock_2017a,table_a1_white_list_est,Figure 1 and Table A1,"White: List experiment estimate, estimate (pp)",38.00202506892989,38.0,1,38.00202506892989,1,NA,
coppock_2017a,table_a1_white_list_est_se,Figure 1 and Table A1,"White: List experiment estimate, standard error (pp)",4.10318793808031,4.1,1,4.10318793808031,1,NA,
coppock_2017a,table_a1_white_difference,Figure 1 and Table A1,"White: Difference, estimate (pp)",1.386391953224214,1.4,1,1.386391953224214,1,NA,
coppock_2017a,table_a1_white_difference_se,Figure 1 and Table A1,"White: Difference, standard error (pp)",4.04632721952699,4.1,0,4.04632721952699,0,archive,Bootstrap standard error. The deposited resampling code postdates publication by two years and no configuration of it recovers the published value exactly
coppock_2017a,table_a1_white_direct_est_adj,Figure 1 and Table A1,"White: Adjusted direct question estimate, estimate (pp)",39.875975610728595,39.9,1,39.875975610728595,1,NA,
coppock_2017a,table_a1_white_direct_est_adj_se,Figure 1 and Table A1,"White: Adjusted direct question estimate, standard error (pp)",0.8752342635623449,0.9,1,0.8752342635623449,1,NA,
coppock_2017a,table_a1_white_list_est_adj,Figure 1 and Table A1,"White: Adjusted list experiment estimate, estimate (pp)",40.50210207841699,40.5,1,40.50210207841699,1,NA,
coppock_2017a,table_a1_white_list_est_adj_se,Figure 1 and Table A1,"White: Adjusted list experiment estimate, standard error (pp)",3.5926589934926456,3.3,0,3.5926589934926456,0,archive,Bootstrap standard error. The deposited resampling code postdates publication by two years and no configuration of it recovers the published value exactly
coppock_2017a,table_a1_white_difference_adj,Figure 1 and Table A1,"White: Adjusted difference, estimate (pp)",-0.626126467688403,-0.6,1,-0.626126467688403,1,NA,
coppock_2017a,table_a1_white_difference_adj_se,Figure 1 and Table A1,"White: Adjusted difference, standard error (pp)",3.5535856592470028,3.3,0,3.5535856592470028,0,archive,Bootstrap standard error. The deposited resampling code postdates publication by two years and no configuration of it recovers the published value exactly
coppock_2017a,table_a1_black_direct_est,Figure 1 and Table A1,"Black: Direct question estimate, estimate (pp)",10.313459101288807,10.3,1,10.313459101288807,1,NA,
coppock_2017a,table_a1_black_direct_est_se,Figure 1 and Table A1,"Black: Direct question estimate, standard error (pp)",1.675746936173413,1.7,1,1.675746936173413,1,NA,
coppock_2017a,table_a1_black_list_est,Figure 1 and Table A1,"Black: List experiment estimate, estimate (pp)",16.567496806630327,16.6,1,16.567496806630327,1,NA,
coppock_2017a,table_a1_black_list_est_se,Figure 1 and Table A1,"Black: List experiment estimate, standard error (pp)",10.99114488908426,10.9,0,10.99114488908426,0,archive,Bootstrap standard error. The deposited resampling code postdates publication by two years and no configuration of it recovers the published value exactly
coppock_2017a,table_a1_black_difference,Figure 1 and Table A1,"Black: Difference, estimate (pp)",-6.2540377053415215,-6.3,1,-6.2540377053415215,1,NA,
coppock_2017a,table_a1_black_difference_se,Figure 1 and Table A1,"Black: Difference, standard error (pp)",10.995409993707437,11.0,1,10.995409993707437,1,NA,
coppock_2017a,table_a1_black_direct_est_adj,Figure 1 and Table A1,"Black: Adjusted direct question estimate, estimate (pp)",11.238975903148948,11.2,1,11.238975903148948,1,NA,
coppock_2017a,table_a1_black_direct_est_adj_se,Figure 1 and Table A1,"Black: Adjusted direct question estimate, standard error (pp)",1.689848088076557,1.7,1,1.689848088076557,1,NA,
coppock_2017a,table_a1_black_list_est_adj,Figure 1 and Table A1,"Black: Adjusted list experiment estimate, estimate (pp)",21.966793798473116,22.0,1,21.966793798473116,1,NA,
coppock_2017a,table_a1_black_list_est_adj_se,Figure 1 and Table A1,"Black: Adjusted list experiment estimate, standard error (pp)",9.08323923078266,9.0,0,9.08323923078266,0,archive,Bootstrap standard error. The deposited resampling code postdates publication by two years and no configuration of it recovers the published value exactly
coppock_2017a,table_a1_black_difference_adj,Figure 1 and Table A1,"Black: Adjusted difference, estimate (pp)",-10.72781789532417,-10.7,1,-10.72781789532417,1,NA,
coppock_2017a,table_a1_black_difference_adj_se,Figure 1 and Table A1,"Black: Adjusted difference, standard error (pp)",8.959081102833911,9.0,1,8.959081102833911,1,NA,
coppock_2017a,table_a1_hispanic_direct_est,Figure 1 and Table A1,"Hispanic: Direct question estimate, estimate (pp)",24.408880392818492,24.4,1,24.408880392818492,1,NA,
coppock_2017a,table_a1_hispanic_direct_est_se,Figure 1 and Table A1,"Hispanic: Direct question estimate, standard error (pp)",1.9507930963226912,2.0,1,1.9507930963226912,1,NA,
coppock_2017a,table_a1_hispanic_list_est,Figure 1 and Table A1,"Hispanic: List experiment estimate, estimate (pp)",2.763904412055026,2.8,1,2.763904412055026,1,NA,
coppock_2017a,table_a1_hispanic_list_est_se,Figure 1 and Table A1,"Hispanic: List experiment estimate, standard error (pp)",9.272240006498205,9.7,0,9.272240006498205,0,archive,Bootstrap standard error. The deposited resampling code postdates publication by two years and no configuration of it recovers the published value exactly
coppock_2017a,table_a1_hispanic_difference,Figure 1 and Table A1,"Hispanic: Difference, estimate (pp)",21.644975980763466,21.6,1,21.644975980763466,1,NA,
coppock_2017a,table_a1_hispanic_difference_se,Figure 1 and Table A1,"Hispanic: Difference, standard error (pp)",9.012338438239098,9.4,0,9.012338438239098,0,archive,Bootstrap standard error. The deposited resampling code postdates publication by two years and no configuration of it recovers the published value exactly
coppock_2017a,table_a1_hispanic_direct_est_adj,Figure 1 and Table A1,"Hispanic: Adjusted direct question estimate, estimate (pp)",26.23132174788513,26.2,1,26.23132174788513,1,NA,
coppock_2017a,table_a1_hispanic_direct_est_adj_se,Figure 1 and Table A1,"Hispanic: Adjusted direct question estimate, standard error (pp)",1.937993149434452,1.9,1,1.937993149434452,1,NA,
coppock_2017a,table_a1_hispanic_list_est_adj,Figure 1 and Table A1,"Hispanic: Adjusted list experiment estimate, estimate (pp)",9.047998131274516,9.0,1,9.047998131274516,1,NA,
coppock_2017a,table_a1_hispanic_list_est_adj_se,Figure 1 and Table A1,"Hispanic: Adjusted list experiment estimate, standard error (pp)",5.3856514476155875,5.5,0,5.3856514476155875,0,archive,Bootstrap standard error. The deposited resampling code postdates publication by two years and no configuration of it recovers the published value exactly
coppock_2017a,table_a1_hispanic_difference_adj,Figure 1 and Table A1,"Hispanic: Adjusted difference, estimate (pp)",17.183323616610615,17.2,1,17.183323616610615,1,NA,
coppock_2017a,table_a1_hispanic_difference_adj_se,Figure 1 and Table A1,"Hispanic: Adjusted difference, standard error (pp)",5.300326119780367,5.4,0,5.300326119780367,0,archive,Bootstrap standard error. The deposited resampling code postdates publication by two years and no configuration of it recovers the published value exactly
coppock_2017a,table_a1_other_race_direct_est,Figure 1 and Table A1,"Other race: Direct question estimate, estimate (pp)",20.2571131292018,20.3,1,20.2571131292018,1,NA,
coppock_2017a,table_a1_other_race_direct_est_se,Figure 1 and Table A1,"Other race: Direct question estimate, standard error (pp)",2.162260778951364,2.2,1,2.162260778951364,1,NA,
coppock_2017a,table_a1_other_race_list_est,Figure 1 and Table A1,"Other race: List experiment estimate, estimate (pp)",24.03657918047644,24.0,1,24.03657918047644,1,NA,
coppock_2017a,table_a1_other_race_list_est_se,Figure 1 and Table A1,"Other race: List experiment estimate, standard error (pp)",11.656205834567736,11.6,0,11.656205834567736,0,archive,Bootstrap standard error. The deposited resampling code postdates publication by two years and no configuration of it recovers the published value exactly
coppock_2017a,table_a1_other_race_difference,Figure 1 and Table A1,"Other race: Difference, estimate (pp)",-3.779466051274643,-3.8,1,-3.779466051274643,1,NA,
coppock_2017a,table_a1_other_race_difference_se,Figure 1 and Table A1,"Other race: Difference, standard error (pp)",11.237356635146748,11.2,1,11.237356635146748,1,NA,
coppock_2017a,table_a1_other_race_direct_est_adj,Figure 1 and Table A1,"Other race: Adjusted direct question estimate, estimate (pp)",20.71348185551956,20.7,1,20.71348185551956,1,NA,
coppock_2017a,table_a1_other_race_direct_est_adj_se,Figure 1 and Table A1,"Other race: Adjusted direct question estimate, standard error (pp)",2.110442132178511,2.2,0,2.110442132178511,0,archive,Bootstrap standard error. The deposited resampling code postdates publication by two years and no configuration of it recovers the published value exactly
coppock_2017a,table_a1_other_race_list_est_adj,Figure 1 and Table A1,"Other race: Adjusted list experiment estimate, estimate (pp)",28.483741789510773,28.5,1,28.483741789510773,1,NA,
coppock_2017a,table_a1_other_race_list_est_adj_se,Figure 1 and Table A1,"Other race: Adjusted list experiment estimate, standard error (pp)",10.256701021959055,10.1,0,10.256701021959055,0,archive,Bootstrap standard error. The deposited resampling code postdates publication by two years and no configuration of it recovers the published value exactly
coppock_2017a,table_a1_other_race_difference_adj,Figure 1 and Table A1,"Other race: Adjusted difference, estimate (pp)",-7.7702599339912135,-7.8,1,-7.7702599339912135,1,NA,
coppock_2017a,table_a1_other_race_difference_adj_se,Figure 1 and Table A1,"Other race: Adjusted difference, standard error (pp)",10.014183201416664,10.0,1,10.014183201416664,1,NA,
coppock_2017a,table_a1_unlikely_voter_direct_est,Figure 1 and Table A1,"Unlikely voter: Direct question estimate, estimate (pp)",24.20742386761971,24.2,1,24.20742386761971,1,NA,
coppock_2017a,table_a1_unlikely_voter_direct_est_se,Figure 1 and Table A1,"Unlikely voter: Direct question estimate, standard error (pp)",1.465219658647783,1.4,0,1.465219658647783,0,archive,Bootstrap standard error. The deposited resampling code postdates publication by two years and no configuration of it recovers the published value exactly
coppock_2017a,table_a1_unlikely_voter_list_est,Figure 1 and Table A1,"Unlikely voter: List experiment estimate, estimate (pp)",20.72130529411045,20.7,1,20.72130529411045,1,NA,
coppock_2017a,table_a1_unlikely_voter_list_est_se,Figure 1 and Table A1,"Unlikely voter: List experiment estimate, standard error (pp)",7.150182592130995,7.1,0,7.150182592130995,0,archive,Bootstrap standard error. The deposited resampling code postdates publication by two years and no configuration of it recovers the published value exactly
coppock_2017a,table_a1_unlikely_voter_difference,Figure 1 and Table A1,"Unlikely voter: Difference, estimate (pp)",3.4861185735092586,3.5,1,3.4861185735092586,1,NA,
coppock_2017a,table_a1_unlikely_voter_difference_se,Figure 1 and Table A1,"Unlikely voter: Difference, standard error (pp)",7.053686430933663,7.1,1,7.053686430933663,1,NA,
coppock_2017a,table_a1_unlikely_voter_direct_est_adj,Figure 1 and Table A1,"Unlikely voter: Adjusted direct question estimate, estimate (pp)",24.34307123443664,24.3,1,24.34307123443664,1,NA,
coppock_2017a,table_a1_unlikely_voter_direct_est_adj_se,Figure 1 and Table A1,"Unlikely voter: Adjusted direct question estimate, standard error (pp)",1.31261957143298,1.3,1,1.31261957143298,1,NA,
coppock_2017a,table_a1_unlikely_voter_list_est_adj,Figure 1 and Table A1,"Unlikely voter: Adjusted list experiment estimate, estimate (pp)",24.89118284076259,24.9,1,24.89118284076259,1,NA,
coppock_2017a,table_a1_unlikely_voter_list_est_adj_se,Figure 1 and Table A1,"Unlikely voter: Adjusted list experiment estimate, standard error (pp)",6.108159676537536,5.9,0,6.108159676537536,0,archive,Bootstrap standard error. The deposited resampling code postdates publication by two years and no configuration of it recovers the published value exactly
coppock_2017a,table_a1_unlikely_voter_difference_adj,Figure 1 and Table A1,"Unlikely voter: Adjusted difference, estimate (pp)",-0.5481116063259459,-0.5,1,-0.5481116063259459,1,NA,
coppock_2017a,table_a1_unlikely_voter_difference_adj_se,Figure 1 and Table A1,"Unlikely voter: Adjusted difference, standard error (pp)",5.988761806475094,5.9,0,5.988761806475094,0,archive,Bootstrap standard error. The deposited resampling code postdates publication by two years and no configuration of it recovers the published value exactly
coppock_2017a,table_a1_likely_voter_direct_est,Figure 1 and Table A1,"Likely voter: Direct question estimate, estimate (pp)",36.51309366560566,36.5,1,36.51309366560566,1,NA,
coppock_2017a,table_a1_likely_voter_direct_est_se,Figure 1 and Table A1,"Likely voter: Direct question estimate, standard error (pp)",0.9706225873615609,1.0,1,0.9706225873615609,1,NA,
coppock_2017a,table_a1_likely_voter_list_est,Figure 1 and Table A1,"Likely voter: List experiment estimate, estimate (pp)",33.57795994740099,33.6,1,33.57795994740099,1,NA,
coppock_2017a,table_a1_likely_voter_list_est_se,Figure 1 and Table A1,"Likely voter: List experiment estimate, standard error (pp)",3.6852517026043556,3.7,1,3.6852517026043556,1,NA,
coppock_2017a,table_a1_likely_voter_difference,Figure 1 and Table A1,"Likely voter: Difference, estimate (pp)",2.935133718204663,2.9,1,2.935133718204663,1,NA,
coppock_2017a,table_a1_likely_voter_difference_se,Figure 1 and Table A1,"Likely voter: Difference, standard error (pp)",3.6265601263353404,3.7,0,3.6265601263353404,0,archive,Bootstrap standard error. The deposited resampling code postdates publication by two years and no configuration of it recovers the published value exactly
coppock_2017a,table_a1_likely_voter_direct_est_adj,Figure 1 and Table A1,"Likely voter: Adjusted direct question estimate, estimate (pp)",36.98443135657982,37.0,1,36.98443135657982,1,NA,
coppock_2017a,table_a1_likely_voter_direct_est_adj_se,Figure 1 and Table A1,"Likely voter: Adjusted direct question estimate, standard error (pp)",0.843508781837366,0.9,0,0.843508781837366,0,archive,Bootstrap standard error. The deposited resampling code postdates publication by two years and no configuration of it recovers the published value exactly
coppock_2017a,table_a1_likely_voter_list_est_adj,Figure 1 and Table A1,"Likely voter: Adjusted list experiment estimate, estimate (pp)",36.01904046286513,36.0,1,36.01904046286513,1,NA,
coppock_2017a,table_a1_likely_voter_list_est_adj_se,Figure 1 and Table A1,"Likely voter: Adjusted list experiment estimate, standard error (pp)",2.951789324156686,2.9,0,2.951789324156686,0,archive,Bootstrap standard error. The deposited resampling code postdates publication by two years and no configuration of it recovers the published value exactly
coppock_2017a,table_a1_likely_voter_difference_adj,Figure 1 and Table A1,"Likely voter: Adjusted difference, estimate (pp)",0.9653908937146899,1.0,1,0.9653908937146899,1,NA,
coppock_2017a,table_a1_likely_voter_difference_adj_se,Figure 1 and Table A1,"Likely voter: Adjusted difference, standard error (pp)",2.932179967990583,2.8,0,2.932179967990583,0,archive,Bootstrap standard error. The deposited resampling code postdates publication by two years and no configuration of it recovers the published value exactly
coppock_2017a,table_a1_entire_sample_n,Figure 1 and Table A1,Entire sample: N,5290,5290,1,5290,1,NA,
coppock_2017a,table_a1_strong_democrat_n,Figure 1 and Table A1,Strong democrat: N,726,726,1,726,1,NA,
coppock_2017a,table_a1_not_very_strong_democrat_n,Figure 1 and Table A1,Not very strong democrat: N,1140,1140,1,1140,1,NA,
coppock_2017a,table_a1_lean_democrat_n,Figure 1 and Table A1,Lean democrat: N,409,409,1,409,1,NA,
coppock_2017a,table_a1_independent_n,Figure 1 and Table A1,Independent: N,1131,1131,1,1131,1,NA,
coppock_2017a,table_a1_lean_republican_n,Figure 1 and Table A1,Lean republican: N,351,351,1,351,1,NA,
coppock_2017a,table_a1_not_very_strong_republican_n,Figure 1 and Table A1,Not very strong republican: N,990,990,1,990,1,NA,
coppock_2017a,table_a1_strong_republican_n,Figure 1 and Table A1,Strong republican: N,543,543,1,543,1,NA,
coppock_2017a,table_a1_less_than_high_school_n,Figure 1 and Table A1,Less than high school: N,157,157,1,157,1,NA,
coppock_2017a,table_a1_high_school_or_some_college_n,Figure 1 and Table A1,High school or some college: N,2793,2793,1,2793,1,NA,
coppock_2017a,table_a1_college_n,Figure 1 and Table A1,College: N,1465,1465,1,1465,1,NA,
coppock_2017a,table_a1_graduate_school_n,Figure 1 and Table A1,Graduate school: N,875,875,1,875,1,NA,
coppock_2017a,table_a1_below_20th_income_percentile_n,Figure 1 and Table A1,Below 20th income percentile: N,1038,1038,1,804,0,archive,"Errata: the rewrite prints the income label the data supports, so it disagrees with the published label by construction. Intentional correction, not a defect in the rewrite"
coppock_2017a,table_a1_20th40th_income_percentile_n,Figure 1 and Table A1,20th-40th income percentile: N,1361,1361,1,1038,0,archive,"Errata: the rewrite prints the income label the data supports, so it disagrees with the published label by construction. Intentional correction, not a defect in the rewrite"
coppock_2017a,table_a1_40th60th_income_percentile_n,Figure 1 and Table A1,40th-60th income percentile: N,936,936,1,1361,0,archive,"Errata: the rewrite prints the income label the data supports, so it disagrees with the published label by construction. Intentional correction, not a defect in the rewrite"
coppock_2017a,table_a1_60th80th_income_percentile_n,Figure 1 and Table A1,60th-80th income percentile: N,1151,1151,1,936,0,archive,"Errata: the rewrite prints the income label the data supports, so it disagrees with the published label by construction. Intentional correction, not a defect in the rewrite"
coppock_2017a,table_a1_above_80th_income_percentile_n,Figure 1 and Table A1,Above 80th income percentile: N,804,804,1,1151,0,archive,"Errata: the rewrite prints the income label the data supports, so it disagrees with the published label by construction. Intentional correction, not a defect in the rewrite"
coppock_2017a,table_a1_men_n,Figure 1 and Table A1,Men: N,2332,2332,1,2332,1,NA,
coppock_2017a,table_a1_women_n,Figure 1 and Table A1,Women: N,2958,2958,1,2958,1,NA,
coppock_2017a,table_a1_white_n,Figure 1 and Table A1,White: N,3544,3544,1,3544,1,NA,
coppock_2017a,table_a1_black_n,Figure 1 and Table A1,Black: N,446,446,1,446,1,NA,
coppock_2017a,table_a1_hispanic_n,Figure 1 and Table A1,Hispanic: N,804,804,1,804,1,NA,
coppock_2017a,table_a1_other_race_n,Figure 1 and Table A1,Other race: N,496,496,1,496,1,NA,
coppock_2017a,table_a1_unlikely_voter_n,Figure 1 and Table A1,Unlikely voter: N,1420,1420,1,1420,1,NA,
coppock_2017a,table_a1_likely_voter_n,Figure 1 and Table A1,Likely voter: N,3870,3870,1,3870,1,NA,
coppock_2017a,table_2_control_list_0_items,Table 2,"Control list, 0 items",0.10555273089553734,0.11,1,0.10555273089553734,1,NA,
coppock_2017a,table_2_treatment_list_0_items,Table 2,"Treatment list, 0 items",0.10836867649716816,0.11,1,0.10836867649716816,1,NA,
coppock_2017a,table_2_control_list_1_item,Table 2,"Control list, 1 item",0.3678081269813738,0.37,1,0.3678081269813738,1,NA,
coppock_2017a,table_2_treatment_list_1_item,Table 2,"Treatment list, 1 item",0.21874599353326984,0.22,1,0.21874599353326984,1,NA,
coppock_2017a,table_2_control_list_2_items,Table 2,"Control list, 2 items",0.4002131599221604,0.40,1,0.4002131599221604,1,NA,
coppock_2017a,table_2_treatment_list_2_items,Table 2,"Treatment list, 2 items",0.4561795041518099,0.46,1,0.4561795041518099,1,NA,
coppock_2017a,table_2_control_list_3_items,Table 2,"Control list, 3 items",0.12642598220092863,0.13,1,0.12642598220092863,1,NA,
coppock_2017a,table_2_treatment_list_3_items,Table 2,"Treatment list, 3 items",0.1546379579417557,0.15,1,0.1546379579417557,1,NA,
coppock_2017a,table_2_control_list_4_items,Table 2,"Control list, 4 items",0,NA,NA,0,NA,NA,"The article leaves this cell blank. A three-item control list cannot produce four, so the value is zero by construction and there is nothing to compare"
coppock_2017a,table_2_treatment_list_4_items,Table 2,"Treatment list, 4 items",0.06206786787599638,0.06,1,0.06206786787599638,1,NA,
coppock_2017a,table_2_control_list_n,Table 2,"Control list, N",2645,2645,1,2645,1,NA,
coppock_2017a,table_2_treatment_list_n,Table 2,"Treatment list, N",2645,2645,1,2645,1,NA,
coppock_2017a,abstract_n_respondents,In-text,Respondents surveyed (abstract),5290,5290,1,5290,1,NA,
coppock_2017a,abstract_direct_share,In-text,"Direct question, Trump support (%), abstract",32.54777792324716,32.5,1,32.54777792324716,1,NA,
coppock_2017a,abstract_list_estimate,In-text,"List experiment estimate of Trump support (%), abstract",29.577795373765987,29.6,1,29.577795373765987,1,NA,
coppock_2017a,design_n_respondents,In-text,Respondents surveyed (design),5290,5290,1,5290,1,NA,
coppock_2017a,design_direct_share_trump,In-text,"Direct question, Trump support (%)",32.54777792324716,32.5,1,32.54777792324716,1,NA,
coppock_2017a,design_direct_share_clinton,In-text,"Direct question, Clinton support (%)",37.014678635863056,37.0,1,37.014678635863056,1,NA,
coppock_2017a,design_direct_share_other,In-text,"Direct question, other or undecided (%)",30.437543440889776,30.5,0,30.437543440889776,0,paper_internal,The article's 30.5 is 100 minus the two rounded shares. The three remaining response categories carry 30.4 per cent of the weight
coppock_2017a,design_direct_share_restated,In-text,"Direct question, Trump support (%), restated in the design section",32.54777792324716,32.5,1,32.54777792324716,1,NA,
coppock_2017a,results_list_mean_control,In-text,"List experiment, control group mean (items)",1.5475123934284771,1.548,1,1.54751239342848,1,NA,
coppock_2017a,results_list_mean_treatment,In-text,"List experiment, treatment group mean (items)",1.8432903471661384,1.843,1,1.8432903471661413,1,NA,
coppock_2017a,results_list_ate_proportion,In-text,List experiment estimate of Trump support (proportion),0.29577795373765986,0.296,1,0.29577795373765986,1,NA,
coppock_2017a,results_list_ate_percent,In-text,List experiment estimate of Trump support (%),29.577795373765987,29.6,1,29.577795373765987,1,NA,
coppock_2017a,results_direct_share_restated,In-text,"Direct question, Trump support (%), restated in the results section",32.54777792324716,32.5,1,32.54777792324716,1,NA,
coppock_2017a,results_direct_minus_list,In-text,Direct minus list experiment (pp),2.969982549481153,2.9,0,2.969982549481153,0,paper_internal,"The article's sentence gives 2.9, the difference of the two rounded shares. Table A1 gives 3.0 for the same quantity, which is the rounded difference, and 3.0 is what both the deposited script and the rewrite produce"
coppock_2017a,results_direct_minus_list_se,In-text,Bootstrap SE of direct minus list (pp),3.339364651016838,3.4,0,3.339364651016838,0,archive,Bootstrap standard error. The deposited resampling code postdates publication by two years and no configuration of it recovers the published value exactly
coppock_2017a,results_share_not_reporting_trump,In-text,Share not reporting Trump support (%),67.45222207675283,67.5,1,67.45222207675283,1,NA,
coppock_2017a,results_nondiscloser_mean_control,In-text,"Non-disclosers, control group mean (items)",1.6097646845912508,1.610,1,1.6097646845912517,1,NA,
coppock_2017a,results_nondiscloser_mean_treatment,In-text,"Non-disclosers, treatment group mean (items)",1.6424854641576525,1.642,1,1.6424854641576534,1,NA,
coppock_2017a,results_nondiscloser_list_ate,In-text,List experiment estimate among non-disclosers (%),3.2720779566401617,3.3,1,3.2720779566401617,1,NA,
coppock_2017a,results_n_subgroups,In-text,Subgroups compared,25,25,1,25,1,NA,The article calls these 25 opportunities to find a difference
coppock_2017a,results_party_id_points,In-text,Points on the party identification scale entering the response model,NA,7,NA,7,1,NA,"Equation 1 calls the party identification term a 7-point measure, and the deposited pid_7 takes exactly seven values. The deposited script does not print this quantity"
coppock_2017a,results_income_points,In-text,Points on the income scale entering the response model,NA,22,NA,24,0,paper_internal,"Equation 1 calls USHHI2 a 22-point income measure. The deposited variable takes 24 distinct values, 1 to 24, with every value present. The deposited script does not print this quantity, so there is nothing to read from the archive run"
coppock_2017a,combined_estimate,In-text,Combined estimate of Trump support (%),34.75486721308455,34.8,1,34.75486721308455,1,NA,
coppock_2017a,combined_estimate_se,In-text,SE of the combined estimate (pp),2.942296860666275,2.9,1,2.942296860666275,1,NA,
coppock_2017a,combined_minus_direct,In-text,Combined minus direct (pp),2.207089289837355,2.2,1,2.207089289837355,1,NA,
coppock_2017a,combined_minus_direct_se,In-text,SE of combined minus direct (pp),2.829207705448373,2.9,0,2.829207705448373,0,archive,Bootstrap standard error. The deposited resampling code postdates publication by two years and no configuration of it recovers the published value exactly
coppock_2017a,placebo_estimate,In-text,Joint test: list estimate among admitted supporters (%),85.73226478065187,85.7,1,85.73226478065187,1,NA,
coppock_2017a,placebo_estimate_se,In-text,Joint test: standard error (pp),5.606396154510786,5.6,1,5.606396154510786,1,NA,
coppock_2017a,placebo_p_value,In-text,Joint test: two-sided p-value,0.01093080517846656,0.01,1,0.01093080517846656,1,NA,
coppock_2017a,desc_list_below_direct,Descriptive,The list experiment estimate is below the direct question estimate,NA,NA,NA,2.969982549481154,1,NA,Direct question 32.5 per cent against list experiment 29.6 per cent
coppock_2017a,desc_direct_minus_list_not_significant,Descriptive,The difference between the two modes is not distinguishable from zero,NA,NA,NA,2.969982549481153,1,NA,"Difference 3.0 points, 95 per cent bootstrap interval -3.7 to 9.2"
coppock_2017a,desc_nondiscloser_not_significant,Descriptive,The list estimate among non-disclosers is not distinguishable from zero,NA,NA,NA,3.2720779566401617,1,NA,"Estimate 3.3 points, HC2 standard error 4.2 points, t = 0.77"
coppock_2017a,desc_party_gradient,Descriptive,Democrats are unlikely and Republicans likely to support Trump,NA,NA,NA,NA,1,NA,Direct question support: Strong democrat 4.5; Not very strong democrat 9.2; Lean democrat 13.0; Lean republican 73.4; Not very strong republican 68.1; Strong republican 90.4
coppock_2017a,desc_education_gradient,Descriptive,More educated groups support Trump less,NA,NA,NA,NA,NA,NA,Direct question support in published order: Less than high school 30.7; High school or some college 34.4; College 30.1; Graduate school 25.8
coppock_2017a,desc_less_than_high_school_smallest,Descriptive,The least educated group is the smallest and its estimates the most uncertain,NA,NA,NA,157,1,NA,"Smallest subgroup is Less than high school at N = 157; its list experiment standard error is 18.6 points, the largest of any subgroup"
coppock_2017a,desc_income_groups_similar,Descriptive,Income groups did not diverge wildly in their support,NA,NA,NA,9.427799993318454,NA,NA,Direct question support: Below 20th income percentile 27.2; 20th-40th income percentile 30.7; 40th-60th income percentile 36.6; 60th-80th income percentile 34.0; Above 80th income percentile 33.9
coppock_2017a,desc_gender_similar,Descriptive,Men and women did not diverge wildly in their support,NA,NA,NA,8.499946394270342,NA,NA,"Direct question support: men 36.9, women 28.4"
coppock_2017a,desc_white_highest,Descriptive,Whites were more likely to support Trump than any other racial or ethnic category,NA,NA,NA,NA,1,NA,White leads every other racial or ethnic category on 4 of 4 estimators
coppock_2017a,desc_likely_voters_higher,Descriptive,Likely voters expressed higher Trump support,NA,NA,NA,NA,1,NA,Likely voters above unlikely voters on 4 of 4 estimators
coppock_2017a,desc_unadjusted_mostly_cover_zero,Descriptive,Most unadjusted difference intervals contain zero,NA,NA,NA,23,1,NA,23 of 25 unadjusted difference intervals contain zero
coppock_2017a,desc_adjusted_intervals_shrink,Descriptive,The adjusted intervals shrink substantially,NA,NA,NA,8.975696345149602,NA,NA,"Mean 95 per cent interval width, list experiment estimate: 30.5 points unadjusted against 21.5 points adjusted"
coppock_2017a,desc_combined_not_significant,Descriptive,The combined estimate is not distinguishable from the direct question estimate,NA,NA,NA,2.207089289837355,1,NA,"Combined minus direct 2.2 points, bootstrap standard error 2.8 points, t = 0.78"
coppock_2017a,desc_adjusted_all_but_one,Descriptive,All but one adjusted difference interval contains zero,NA,NA,NA,1,1,NA,1 of 25 adjusted difference intervals exclude zero: Hispanic
coppock_2017a,intro_wisconsin_forecast_clinton,External to the data,"Wisconsin, forecast Clinton share (%)",NA,49.6,NA,NA,NA,NA,"Transcribed from fivethirtyeight's final pre-election forecast, the certified returns, or Dropp (2015); outside the deposited data"
coppock_2017a,intro_wisconsin_forecast_trump,External to the data,"Wisconsin, forecast Trump share (%)",NA,44.3,NA,NA,NA,NA,"Transcribed from fivethirtyeight's final pre-election forecast, the certified returns, or Dropp (2015); outside the deposited data"
coppock_2017a,intro_wisconsin_actual_clinton,External to the data,"Wisconsin, actual Clinton share (%)",NA,46.5,NA,NA,NA,NA,"Transcribed from fivethirtyeight's final pre-election forecast, the certified returns, or Dropp (2015); outside the deposited data"
coppock_2017a,intro_wisconsin_actual_trump,External to the data,"Wisconsin, actual Trump share (%)",NA,47.2,NA,NA,NA,NA,"Transcribed from fivethirtyeight's final pre-election forecast, the certified returns, or Dropp (2015); outside the deposited data"
coppock_2017a,intro_wisconsin_error,External to the data,"Wisconsin, prediction error (pp)",NA,6,NA,NA,NA,NA,"Transcribed from fivethirtyeight's final pre-election forecast, the certified returns, or Dropp (2015); outside the deposited data"
coppock_2017a,intro_michigan_error,External to the data,"Michigan, prediction error (pp)",NA,4.5,NA,NA,NA,NA,"Transcribed from fivethirtyeight's final pre-election forecast, the certified returns, or Dropp (2015); outside the deposited data"
coppock_2017a,intro_pennsylvania_error,External to the data,"Pennsylvania, prediction error (pp)",NA,4.4,NA,NA,NA,NA,"Transcribed from fivethirtyeight's final pre-election forecast, the certified returns, or Dropp (2015); outside the deposited data"
coppock_2017a,intro_popular_vote_actual_clinton,External to the data,"National popular vote, actual Clinton share (%)",NA,48.0,NA,NA,NA,NA,"Transcribed from fivethirtyeight's final pre-election forecast, the certified returns, or Dropp (2015); outside the deposited data"
coppock_2017a,intro_popular_vote_actual_trump,External to the data,"National popular vote, actual Trump share (%)",NA,45.9,NA,NA,NA,NA,"Transcribed from fivethirtyeight's final pre-election forecast, the certified returns, or Dropp (2015); outside the deposited data"
coppock_2017a,intro_popular_vote_forecast_clinton,External to the data,"National popular vote, forecast Clinton share (%)",NA,48.5,NA,NA,NA,NA,"Transcribed from fivethirtyeight's final pre-election forecast, the certified returns, or Dropp (2015); outside the deposited data"
coppock_2017a,intro_popular_vote_forecast_trump,External to the data,"National popular vote, forecast Trump share (%)",NA,44.9,NA,NA,NA,NA,"Transcribed from fivethirtyeight's final pre-election forecast, the certified returns, or Dropp (2015); outside the deposited data"
coppock_2017a,intro_dropp_mode_gap,External to the data,Survey mode gap reported by Dropp (2015) (pp),NA,6,NA,NA,NA,NA,"Transcribed from fivethirtyeight's final pre-election forecast, the certified returns, or Dropp (2015); outside the deposited data"
