run_id,quantity,estimate,std_error
current,direct_share_trump,0.3254777792324716,NA
current,direct_share_clinton,0.3701467863586306,NA
current,direct_share_other,0.30437543440889775,NA
current,n_control,2645,NA
current,n_treatment,2645,NA
current,list_mean_control,1.5475123934284771,NA
current,list_mean_treatment,1.8432903471661386,NA
current,list_mean_control_nondisclosers,1.6097646845912508,NA
current,list_mean_treatment_nondisclosers,1.6424854641576525,NA
current,list_ate_nondisclosers,0.032720779566401625,NA
current,direct_est,0.32547777923247195,NA
current,combined_est,0.3475486721308455,0.02942296860666275
current,combined_minus_direct,0.02207089289837355,0.028292077054483732
current,placebo_ate,0.8573226478065187,0.056063961545107864
current,placebo_p_value,0.01093080517846656,NA
rounding,direct_share_trump,0.3254777792324716,NA
rounding,direct_share_clinton,0.3701467863586306,NA
rounding,direct_share_other,0.30437543440889775,NA
rounding,n_control,2645,NA
rounding,n_treatment,2645,NA
rounding,list_mean_control,1.5475123934284771,NA
rounding,list_mean_treatment,1.8432903471661386,NA
rounding,list_mean_control_nondisclosers,1.6097646845912508,NA
rounding,list_mean_treatment_nondisclosers,1.6424854641576525,NA
rounding,list_ate_nondisclosers,0.032720779566401625,NA
rounding,direct_est,0.32547777923247195,NA
rounding,combined_est,0.3475486721308455,0.029607482794285076
rounding,combined_minus_direct,0.02207089289837355,0.028284868401314972
rounding,placebo_ate,0.8573226478065187,0.056063961545107864
rounding,placebo_p_value,0.01093080517846656,NA
shipped,direct_share_trump,0.3254777792324716,NA
shipped,direct_share_clinton,0.3701467863586306,NA
shipped,direct_share_other,0.30437543440889775,NA
shipped,n_control,2645,NA
shipped,n_treatment,2645,NA
shipped,list_mean_control,1.5475123934284771,NA
shipped,list_mean_treatment,1.8432903471661386,NA
shipped,list_mean_control_nondisclosers,1.6097646845912508,NA
shipped,list_mean_treatment_nondisclosers,1.6424854641576525,NA
shipped,list_ate_nondisclosers,0.032720779566401625,NA
shipped,direct_est,0.32547777923247195,NA
shipped,combined_est,0.3475486721308455,0.029129886570447756
shipped,combined_minus_direct,0.02207089289837355,0.028852195142816207
shipped,placebo_ate,0.8573226478065187,0.056063961545107864
shipped,placebo_p_value,0.01093080517846656,NA
shipped_as_deposited,direct_share_trump,0.3254777792324716,NA
shipped_as_deposited,direct_share_clinton,0.3701467863586306,NA
shipped_as_deposited,direct_share_other,0.30437543440889775,NA
shipped_as_deposited,n_control,2645,NA
shipped_as_deposited,n_treatment,2645,NA
shipped_as_deposited,list_mean_control,1.5475123934284771,NA
shipped_as_deposited,list_mean_treatment,1.8432903471661386,NA
shipped_as_deposited,list_mean_control_nondisclosers,1.6097646845912508,NA
shipped_as_deposited,list_mean_treatment_nondisclosers,1.6424854641576525,NA
shipped_as_deposited,list_ate_nondisclosers,0.032720779566401625,NA
shipped_as_deposited,direct_est,0.32547777923247195,NA
shipped_as_deposited,combined_est,0.3475486721308455,0.029129886570447756
shipped_as_deposited,combined_minus_direct,0.02207089289837355,0.028852195142816207
shipped_as_deposited,placebo_ate,0.8573226478065187,0.056063961545107864
shipped_as_deposited,placebo_p_value,0.01093080517846656,NA
current,table_2_control_list_0_items,0.10555273089553734,NA
current,table_2_control_list_1_items,0.3678081269813738,NA
current,table_2_control_list_2_items,0.4002131599221604,NA
current,table_2_control_list_3_items,0.12642598220092863,NA
current,table_2_control_list_4_items,0,NA
current,table_2_treatment_list_0_items,0.10836867649716816,NA
current,table_2_treatment_list_1_items,0.21874599353326982,NA
current,table_2_treatment_list_2_items,0.4561795041518099,NA
current,table_2_treatment_list_3_items,0.1546379579417557,NA
current,table_2_treatment_list_4_items,0.06206786787599638,NA
rounding,table_2_control_list_0_items,0.10555273089553734,NA
rounding,table_2_control_list_1_items,0.3678081269813738,NA
rounding,table_2_control_list_2_items,0.4002131599221604,NA
rounding,table_2_control_list_3_items,0.12642598220092863,NA
rounding,table_2_control_list_4_items,0,NA
rounding,table_2_treatment_list_0_items,0.10836867649716816,NA
rounding,table_2_treatment_list_1_items,0.21874599353326982,NA
rounding,table_2_treatment_list_2_items,0.4561795041518099,NA
rounding,table_2_treatment_list_3_items,0.1546379579417557,NA
rounding,table_2_treatment_list_4_items,0.06206786787599638,NA
shipped,table_2_control_list_0_items,0.10555273089553734,NA
shipped,table_2_control_list_1_items,0.3678081269813738,NA
shipped,table_2_control_list_2_items,0.4002131599221604,NA
shipped,table_2_control_list_3_items,0.12642598220092863,NA
shipped,table_2_control_list_4_items,0,NA
shipped,table_2_treatment_list_0_items,0.10836867649716816,NA
shipped,table_2_treatment_list_1_items,0.21874599353326982,NA
shipped,table_2_treatment_list_2_items,0.4561795041518099,NA
shipped,table_2_treatment_list_3_items,0.1546379579417557,NA
shipped,table_2_treatment_list_4_items,0.06206786787599638,NA
shipped_as_deposited,table_2_control_list_0_items,0.10555273089553734,NA
shipped_as_deposited,table_2_control_list_1_items,0.3678081269813738,NA
shipped_as_deposited,table_2_control_list_2_items,0.4002131599221604,NA
shipped_as_deposited,table_2_control_list_3_items,0.12642598220092863,NA
shipped_as_deposited,table_2_control_list_4_items,0,NA
shipped_as_deposited,table_2_treatment_list_0_items,0.10836867649716816,NA
shipped_as_deposited,table_2_treatment_list_1_items,0.21874599353326982,NA
shipped_as_deposited,table_2_treatment_list_2_items,0.4561795041518099,NA
shipped_as_deposited,table_2_treatment_list_3_items,0.1546379579417557,NA
shipped_as_deposited,table_2_treatment_list_4_items,0.06206786787599638,NA
