run_id,group_label,estimator,n,est,se,li,ui
current,Less than High School,Direct Question Estimate,157,0.30734240982344846,0.04254275678290043,0.22530392437876484,0.3939751672599507
current,High School or Some College,Direct Question Estimate,2793,0.3439545157666546,0.010598820870540497,0.32349293804449325,0.364342750661875
current,College,Direct Question Estimate,1465,0.3013931344961182,0.013468907772462345,0.27522037191800147,0.32813958230233287
current,Graduate School,Direct Question Estimate,875,0.2576492114392312,0.016337962793367838,0.22686263826729394,0.29127504863594067
current,Unlikely Voter,Direct Question Estimate,1420,0.2420742386761971,0.014652196586477838,0.2132955750067252,0.2715382640610919
current,Likely Voter,Direct Question Estimate,3870,0.36513093665605656,0.009706225873615618,0.3459163058998733,0.3838849194905748
current,Entire Sample,Direct Question Estimate,5290,0.3254777792324714,0.008106213883437643,0.31007011752582136,0.34138503093805306
current,Men,Direct Question Estimate,2332,0.3691540497208872,0.01256526386845502,0.3435823884611347,0.39455661765433425
current,Women,Direct Question Estimate,2958,0.2841545857781838,0.01051571027605959,0.26336972965522176,0.3047336314660855
current,Below 20th Income Percentile,Direct Question Estimate,1038,0.3067261075456965,0.018233357567816726,0.27204984643708574,0.34251749299842016
current,20th - 40th Income Percentile,Direct Question Estimate,1361,0.36585449782715307,0.016669400116045206,0.33323136336938075,0.3985174406782978
current,40th - 60th Income Percentile,Direct Question Estimate,936,0.3395962565948947,0.019830124430744712,0.2995361242636376,0.37745094947842317
current,60th - 80th Income Percentile,Direct Question Estimate,1151,0.33946635220094035,0.017501077041095745,0.3048156831445814,0.37380411377670464
current,Above 80th Income Percentile,Direct Question Estimate,804,0.2715764978939685,0.01978666281932695,0.23670432275941894,0.31081209637831614
current,Strong Democrat,Direct Question Estimate,726,0.0451266768591455,0.008408929425033658,0.029580091663295994,0.06264150499446895
current,Not very strong Democrat,Direct Question Estimate,1140,0.09207423949779239,0.011963963206679381,0.06958004957324551,0.11589986212808696
current,Lean Democrat,Direct Question Estimate,409,0.1303592673151501,0.020103228675685477,0.09191692340636466,0.16998675931927917
current,Independent,Direct Question Estimate,1131,0.20108061723802062,0.015658369952683646,0.17181317235601945,0.23344756037038605
current,Lean Republican,Direct Question Estimate,351,0.7342083148224046,0.026267387129760043,0.6810320883601223,0.7829472268509605
current,Not very strong Republican,Direct Question Estimate,990,0.681300970317964,0.018839219206029864,0.6441819282511072,0.7169418352528982
current,Strong Republican,Direct Question Estimate,543,0.9043799412048578,0.013842125732859529,0.875024150898494,0.9305606540285183
current,Black,Direct Question Estimate,446,0.10313459101288806,0.01675746936173413,0.07148595173671034,0.13651412551797848
current,Hispanic,Direct Question Estimate,804,0.2440888039281849,0.01950793096322691,0.20660933755030436,0.28176582199024974
current,Other Race,Direct Question Estimate,496,0.20257113129201798,0.021622607789513644,0.16115922736092073,0.24443012924239968
current,White,Direct Question Estimate,3544,0.39388417022154104,0.010254834032454902,0.37379792733284534,0.41444508424999077
current,Less than High School,List Experiment Estimate,157,-0.04320041705634986,0.1856245081925679,-0.40025963104867734,0.3320251454061693
current,High School or Some College,List Experiment Estimate,2793,0.3577137130349888,0.04539263709099006,0.2736785288157601,0.4506784661480708
current,College,List Experiment Estimate,1465,0.27412484428443384,0.04976715699110609,0.17575607056725426,0.37347331247253307
current,Graduate School,List Experiment Estimate,875,0.10897526979390741,0.06814834398745946,-0.02365222900649382,0.2420853023338451
current,Unlikely Voter,List Experiment Estimate,1420,0.2072130529411045,0.07150182592130995,0.07141680592465213,0.35099062963476835
current,Likely Voter,List Experiment Estimate,3870,0.3357795994740099,0.03685251702604356,0.26585060553906725,0.40918982710688306
current,Entire Sample,List Experiment Estimate,5290,0.29577795373765986,0.033956893931010056,0.2311893392099295,0.3644453382123938
current,Men,List Experiment Estimate,2332,0.3345147944033021,0.05288453822175466,0.23388436961463022,0.4368587433843374
current,Women,List Experiment Estimate,2958,0.26417381686984415,0.043056978771385694,0.18236097682085098,0.34795121244894806
current,Below 20th Income Percentile,List Experiment Estimate,1038,0.1558215881960547,0.08449854765697322,-0.0036696993569781495,0.3174749159380147
current,20th - 40th Income Percentile,List Experiment Estimate,1361,0.38388619335613156,0.06130725981420048,0.2629836190333159,0.49953930614936104
current,40th - 60th Income Percentile,List Experiment Estimate,936,0.19688087284800318,0.07292435963219478,0.05202387743848728,0.33804175790848345
current,60th - 80th Income Percentile,List Experiment Estimate,1151,0.40703882784463985,0.07729322360052865,0.2643337530587349,0.5708965369682184
current,Above 80th Income Percentile,List Experiment Estimate,804,0.3051336386913037,0.08603033541667988,0.13413726837361542,0.4777954081853737
current,Strong Democrat,List Experiment Estimate,726,-0.04253060041204374,0.0770159035270435,-0.19031299926292383,0.11301289191380809
current,Not very strong Democrat,List Experiment Estimate,1140,0.0504675126186932,0.06815573958489599,-0.08430580326948281,0.18014370784592545
current,Lean Democrat,List Experiment Estimate,409,0.08440805950807384,0.1063494615389329,-0.1160273102714953,0.2943172050618504
current,Independent,List Experiment Estimate,1131,0.24276472521201709,0.078668957003176,0.0904665891918793,0.39160085038307063
current,Lean Republican,List Experiment Estimate,351,0.5587000345182508,0.1123609591553326,0.3358902068281771,0.7810489246710088
current,Not very strong Republican,List Experiment Estimate,990,0.7210685882679467,0.08342615388073381,0.5658895906297291,0.8887841762918336
current,Strong Republican,List Experiment Estimate,543,0.8050445409113788,0.09513431283568147,0.6253280143241988,0.9937104877206795
current,Black,List Experiment Estimate,446,0.16567496806630327,0.10991144889084259,-0.03764480764482245,0.3893742220484284
current,Hispanic,List Experiment Estimate,804,0.027639044120550266,0.09272240006498204,-0.15219499262692784,0.2091040694833768
current,Other Race,List Experiment Estimate,496,0.24036579180476442,0.11656205834567737,0.010829021095048665,0.4680755529689444
current,White,List Experiment Estimate,3544,0.3800202506892989,0.041031879380803105,0.30224636367195457,0.4624807932307024
current,Less than High School,Difference,157,0.3505428268797983,0.18261364150725506,-0.008052080042675422,0.7016473765459206
current,High School or Some College,Difference,2793,-0.013759197268334189,0.04502815208762061,-0.10417297881959724,0.07206305523686439
current,College,Difference,1465,0.027268290211684365,0.048997091261667555,-0.06949443989288762,0.11957637677843168
current,Graduate School,Difference,875,0.14867394164532377,0.066741530428611,0.021849813321718606,0.2803507876607749
current,Unlikely Voter,Difference,1420,0.03486118573509259,0.07053686430933663,-0.10555495779689106,0.17303824517820368
current,Likely Voter,Difference,3870,0.029351337182046633,0.0362656012633534,-0.04155088344495955,0.09951830401962734
current,Entire Sample,Difference,5290,0.029699825494811538,0.03339364651016838,-0.036646268577087575,0.09248618435820312
current,Men,Difference,2332,0.034639255317585105,0.05144729657498502,-0.06592560635999299,0.13348598776768658
current,Women,Difference,2958,0.019980768908339663,0.04309371912240781,-0.0631286285690727,0.1032774157856227
current,Below 20th Income Percentile,Difference,1038,0.1509045193496418,0.07949720786712583,-0.007386476648887676,0.3026585737821591
current,20th - 40th Income Percentile,Difference,1361,-0.018031695528978486,0.059594717248964875,-0.13369857862465054,0.0973625979578543
current,40th - 60th Income Percentile,Difference,936,0.1427153837468915,0.07326623644762742,-0.003314615421864695,0.2860331969178151
current,60th - 80th Income Percentile,Difference,1151,-0.0675724756436995,0.07671773436787638,-0.22564421882349514,0.0771326767270357
current,Above 80th Income Percentile,Difference,804,-0.03355714079733524,0.08688161880281146,-0.20908846948809276,0.13849642682083857
current,Strong Democrat,Difference,726,0.08765727727118924,0.07714347813506364,-0.06579515940376736,0.23581282142920212
current,Not very strong Democrat,Difference,1140,0.04160672687909919,0.06743984560675262,-0.08854274390312611,0.17331401291955253
current,Lean Democrat,Difference,409,0.04595120780707626,0.10766828972273053,-0.15970132052261332,0.2503170908703582
current,Independent,Difference,1131,-0.041684107973996465,0.0790314767859964,-0.19567095194595596,0.11730937356521132
current,Lean Republican,Difference,351,0.17550828030415377,0.11541264343938004,-0.06053714852282706,0.4074164196779555
current,Not very strong Republican,Difference,990,-0.039767617949982736,0.08133681250112963,-0.20280438666808268,0.11400463933681408
current,Strong Republican,Difference,543,0.09933540029347898,0.09554657173465136,-0.08946895177096525,0.27698866754260704
current,Black,Difference,446,-0.06254037705341521,0.10995409993707435,-0.28629598455225375,0.14604813708582043
current,Hispanic,Difference,804,0.21644975980763465,0.09012338438239098,0.045201042496306895,0.3925862733774068
current,Other Race,Difference,496,-0.037794660512746436,0.11237356635146747,-0.25175648336748385,0.18356415805122037
current,White,Difference,3544,0.013863919532242142,0.0404632721952699,-0.06585940299356922,0.09450150377984223
current,Less than High School,Adjusted Direct Question Estimate,157,0.3363550036401538,0.04194326864830842,0.253396537542688,0.4183229727562264
current,High School or Some College,Adjusted Direct Question Estimate,2793,0.362134918724515,0.009615438416201898,0.343275301161889,0.3802524656147248
current,College,Adjusted Direct Question Estimate,1465,0.3246442745935919,0.01303678822115725,0.2987604473206747,0.3498863159523882
current,Graduate School,Adjusted Direct Question Estimate,875,0.2709882047770887,0.016142132785491467,0.24053801915021752,0.3038919941241288
current,Unlikely Voter,Adjusted Direct Question Estimate,1420,0.24343071234436642,0.0131261957143298,0.21714370648997686,0.2696395525415471
current,Likely Voter,Adjusted Direct Question Estimate,3870,0.36984431356579817,0.008435087818373667,0.3534571725281927,0.38607071724857844
current,Entire Sample,Adjusted Direct Question Estimate,5290,0.3359109839373609,0.006957046896718351,0.3219090743588081,0.3492490182292838
current,Men,Adjusted Direct Question Estimate,2332,0.3803484802444857,0.011087044095117876,0.3586404677032595,0.40284160071665664
current,Women,Adjusted Direct Question Estimate,2958,0.30087777183857284,0.009397693494903011,0.28154770454375067,0.3197349998740662
current,Below 20th Income Percentile,Adjusted Direct Question Estimate,1038,0.33336472742850737,0.012436792146117604,0.30927166605106143,0.35706496793418346
current,20th - 40th Income Percentile,Adjusted Direct Question Estimate,1361,0.35567325096439034,0.010307396411222207,0.3353812315795249,0.37629694475088477
current,40th - 60th Income Percentile,Adjusted Direct Question Estimate,936,0.34020965231842515,0.012427901152746395,0.3173176437958775,0.36570594281826935
current,60th - 80th Income Percentile,Adjusted Direct Question Estimate,1151,0.3538847525741978,0.01358947466522343,0.3272645156428065,0.38122450542596203
current,Above 80th Income Percentile,Adjusted Direct Question Estimate,804,0.27500950076164876,0.01404428516488362,0.24735596358234543,0.3027930542028271
current,Strong Democrat,Adjusted Direct Question Estimate,726,0.049742312572116636,0.005731592055720005,0.0393993338577675,0.0617969647227241
current,Not very strong Democrat,Adjusted Direct Question Estimate,1140,0.08007152973462384,0.007155579683532923,0.06650688735466558,0.09405988320885565
current,Lean Democrat,Adjusted Direct Question Estimate,409,0.1301157953581801,0.013493885394496172,0.10481189755635945,0.15860270482368846
current,Independent,Adjusted Direct Question Estimate,1131,0.18812229273289027,0.014160155755708732,0.16102991648607853,0.21617733164426486
current,Lean Republican,Adjusted Direct Question Estimate,351,0.5983739012228358,0.02305266013967688,0.5536131383124087,0.6449772236076855
current,Not very strong Republican,Adjusted Direct Question Estimate,990,0.723992489674983,0.012765639953956702,0.6983549414094297,0.7485628570538341
current,Strong Republican,Adjusted Direct Question Estimate,543,0.8412691799520592,0.01257609629056585,0.8151494643462088,0.8649587360091786
current,Black,Adjusted Direct Question Estimate,446,0.11238975903148947,0.016898480880765572,0.07982742743996595,0.1452168170796433
current,Hispanic,Adjusted Direct Question Estimate,804,0.2623132174788513,0.019379931494344523,0.22407991019889728,0.2998797613143342
current,Other Race,Adjusted Direct Question Estimate,496,0.2071348185551956,0.021104421321785114,0.16623036896755178,0.24886014681501684
current,White,Adjusted Direct Question Estimate,3544,0.3987597561072859,0.008752342635623458,0.38205884894863873,0.41584084034249924
current,Less than High School,Adjusted List Experiment Estimate,157,0.15303147976877501,0.09155235192932515,0.04755548885144465,0.42461998043338034
current,High School or Some College,Adjusted List Experiment Estimate,2793,0.36664025854774546,0.04345748574851411,0.30488430038140896,0.47618402558011463
current,College,Adjusted List Experiment Estimate,1465,0.3547661859971423,0.046985688287429286,0.2518542160277567,0.4379326586240272
current,Graduate School,Adjusted List Experiment Estimate,875,0.20526516036382272,0.04716273844020174,0.12753881191426128,0.3134533970699486
current,Unlikely Voter,Adjusted List Experiment Estimate,1420,0.24891182840762588,0.06108159676537536,0.1589445034746716,0.3971353516179843
current,Likely Voter,Adjusted List Experiment Estimate,3870,0.36019040462865126,0.029517893241566867,0.309889816781136,0.42320015431305463
current,Entire Sample,Adjusted List Experiment Estimate,5290,0.33031978492470876,0.027257479072625934,0.2872045037617137,0.39182839068515285
current,Men,Adjusted List Experiment Estimate,2332,0.3351203868706846,0.03563747171187425,0.27835868494005395,0.41871215593194216
current,Women,Adjusted List Experiment Estimate,2958,0.3265351318692606,0.04805131224927521,0.246225878429568,0.4287868689185107
current,Below 20th Income Percentile,Adjusted List Experiment Estimate,1038,0.309830072215703,0.04172103177838484,0.2562475970680955,0.4177009462685209
current,20th - 40th Income Percentile,Adjusted List Experiment Estimate,1361,0.3463440891918833,0.02883176281242248,0.3005137817491075,0.4063124084349738
current,40th - 60th Income Percentile,Adjusted List Experiment Estimate,936,0.3479022499123532,0.033151472034130984,0.27907353382053257,0.41607230424989333
current,60th - 80th Income Percentile,Adjusted List Experiment Estimate,1151,0.3969052072596372,0.049954279127728665,0.29343894463449954,0.49329477651104164
current,Above 80th Income Percentile,Adjusted List Experiment Estimate,804,0.21385490351722788,0.050711257784922525,0.15390923111313778,0.3571211417950738
current,Strong Democrat,Adjusted List Experiment Estimate,726,0.008024003998453077,0.02266906165201962,1.937582548221187e-5,0.08400726477426274
current,Not very strong Democrat,Adjusted List Experiment Estimate,1140,0.025471616377344953,0.029644067129839698,0.0017385881693932725,0.11209575824469317
current,Lean Democrat,Adjusted List Experiment Estimate,409,0.07559741325104104,0.06062030823865435,0.009803859087939041,0.23072864725373773
current,Independent,Adjusted List Experiment Estimate,1131,0.2653585120622896,0.06969973393661182,0.13676490131584912,0.41198837316133563
current,Lean Republican,Adjusted List Experiment Estimate,351,0.48542067851835463,0.1363335106211996,0.2763345467237327,0.8343914344019816
current,Not very strong Republican,Adjusted List Experiment Estimate,990,0.7317282732905515,0.06662357210772385,0.6041350708431168,0.8649775198389095
current,Strong Republican,Adjusted List Experiment Estimate,543,0.8963077804768789,0.06019332220144034,0.7411085873204698,0.9678162139422042
current,Black,Adjusted List Experiment Estimate,446,0.21966793798473117,0.0908323923078266,0.040272896649173384,0.41717848335914853
current,Hispanic,Adjusted List Experiment Estimate,804,0.09047998131274516,0.05385651447615587,0.019629737121018592,0.22647940196397742
current,Other Race,Adjusted List Experiment Estimate,496,0.28483741789510775,0.10256701021959054,0.09125127450316559,0.492569723705595
current,White,Adjusted List Experiment Estimate,3544,0.40502102078416996,0.03592658993492646,0.3427580877954139,0.48384600720282134
current,Less than High School,Adjusted Difference,157,0.1833235238713788,0.09373028171473506,-0.0760815155743742,0.2934680897489479
current,High School or Some College,Adjusted Difference,2793,-0.004505339823230481,0.04319273649642154,-0.11212153489172703,0.05506174858475281
current,College,Adjusted Difference,1465,-0.030121911403550417,0.04703752805190252,-0.11575680703858657,0.07122321665614123
current,Graduate School,Adjusted Difference,875,0.06572304441326596,0.04509602403571975,-0.04046620321134161,0.13553237948406732
current,Unlikely Voter,Adjusted Difference,1420,-0.005481116063259461,0.05988761806475094,-0.15452904474539444,0.08604015119920627
current,Likely Voter,Adjusted Difference,3870,0.009653908937146904,0.02932179967990583,-0.05363603199678803,0.06453105378193347
current,Entire Sample,Adjusted Difference,5290,0.005591199012652148,0.02695263748713923,-0.05528779376431297,0.046939504397927115
current,Men,Adjusted Difference,2332,0.045228093373801126,0.035218560243166955,-0.03877735580222229,0.10181803737707323
current,Women,Adjusted Difference,2958,-0.025657360030687748,0.04814819846795863,-0.12515307259091496,0.05371122910700259
current,Below 20th Income Percentile,Adjusted Difference,1038,0.023534655212804345,0.040302768827725426,-0.08007010117712841,0.08054301273479164
current,20th - 40th Income Percentile,Adjusted Difference,1361,0.009329161772507033,0.027751196499647864,-0.05078612727599702,0.05364690501816695
current,40th - 60th Income Percentile,Adjusted Difference,936,-0.007692597593928041,0.031096690953302294,-0.06888521553582347,0.05521252670885377
current,60th - 80th Income Percentile,Adjusted Difference,1151,-0.04302045468543936,0.048950892151854865,-0.13407026676415149,0.059994515570870204
current,Above 80th Income Percentile,Adjusted Difference,804,0.06115459724442088,0.05016051758526903,-0.0783847845256902,0.12009293402762539
current,Strong Democrat,Adjusted Difference,726,0.04171830857366356,0.023006558190184774,-0.032832206417215855,0.05633787087132283
current,Not very strong Democrat,Adjusted Difference,1140,0.05459991335727889,0.029966787393013273,-0.0312887088299934,0.08153416887287028
current,Lean Democrat,Adjusted Difference,409,0.054518382107139066,0.06179881365383337,-0.10271769431376612,0.12561994544219243
current,Independent,Adjusted Difference,1131,-0.07723621932939934,0.06961260091525218,-0.2237851639511916,0.05031256791016958
current,Lean Republican,Adjusted Difference,351,0.11295322270448122,0.13635513700342347,-0.22402826204785486,0.32409630833696607
current,Not very strong Republican,Adjusted Difference,990,-0.007735783615568481,0.06606020020993657,-0.1400612189325499,0.12151391123637366
current,Strong Republican,Adjusted Difference,543,-0.05503860052481968,0.06032855591961474,-0.12744861856065748,0.09700073770026375
current,Black,Adjusted Difference,446,-0.1072781789532417,0.08959081102833912,-0.2981843529347291,0.06726858729752586
current,Hispanic,Adjusted Difference,804,0.17183323616610613,0.05300326119780367,0.042396309885134806,0.24243241756200531
current,Other Race,Adjusted Difference,496,-0.07770259933991214,0.10014183201416665,-0.2903742991077562,0.11477520257017146
current,White,Adjusted Difference,3544,-0.006261264676884037,0.03553585659247003,-0.08460957038272139,0.056659497030119445
rounding,Less than High School,Direct Question Estimate,157,0.30734240982344846,0.0413777741418653,0.2319865989421463,0.3895521439056619
rounding,High School or Some College,Direct Question Estimate,2793,0.3439545157666546,0.011265180565590678,0.32190273404413133,0.3666175265442291
rounding,College,Direct Question Estimate,1465,0.3013931344961182,0.013409746932414975,0.2767047644582992,0.3279945576026727
rounding,Graduate School,Direct Question Estimate,875,0.2576492114392312,0.016250939817650273,0.22561617597064523,0.2892719594362373
rounding,Unlikely Voter,Direct Question Estimate,1420,0.2420742386761971,0.014315767700474354,0.21451819141427847,0.2703718849782217
rounding,Likely Voter,Direct Question Estimate,3870,0.36513093665605656,0.010159839854891365,0.3452882749295184,0.385465848140903
rounding,Entire Sample,Direct Question Estimate,5290,0.3254777792324714,0.008360124526362422,0.3093215575874943,0.34138380601864143
rounding,Men,Direct Question Estimate,2332,0.3691540497208872,0.012739460565173319,0.3446522786153207,0.39450768421665844
rounding,Women,Direct Question Estimate,2958,0.2841545857781838,0.010461304184462455,0.26475762139333286,0.30556737657565564
rounding,Below 20th Income Percentile,Direct Question Estimate,1038,0.3067261075456965,0.018400588833857895,0.27136991307977115,0.34354661346017457
rounding,20th - 40th Income Percentile,Direct Question Estimate,1361,0.36585449782715307,0.01700923914501801,0.33374011428484257,0.4004471998100925
rounding,40th - 60th Income Percentile,Direct Question Estimate,936,0.3395962565948947,0.019874300903306146,0.3016349240437464,0.3798728260894578
rounding,60th - 80th Income Percentile,Direct Question Estimate,1151,0.33946635220094035,0.018342850632766264,0.3035182870474308,0.37571877917148827
rounding,Above 80th Income Percentile,Direct Question Estimate,804,0.2715764978939685,0.01928539324064882,0.23382488412898447,0.3109044597272834
rounding,Strong Democrat,Direct Question Estimate,726,0.0451266768591455,0.008321245713328315,0.02979150610690301,0.06258672391223617
rounding,Not very strong Democrat,Direct Question Estimate,1140,0.09207423949779239,0.011776342983350906,0.07025412227751536,0.11605493927619179
rounding,Lean Democrat,Direct Question Estimate,409,0.1303592673151501,0.02109559019853861,0.09064603986670221,0.1742657176948897
rounding,Independent,Direct Question Estimate,1131,0.20108061723802062,0.015616479483284066,0.17020852199281672,0.23066113810486988
rounding,Lean Republican,Direct Question Estimate,351,0.7342083148224046,0.027017809496092605,0.6789678982796672,0.7846538454952815
rounding,Not very strong Republican,Direct Question Estimate,990,0.681300970317964,0.018948288373319556,0.6431922638540457,0.7174272857194968
rounding,Strong Republican,Direct Question Estimate,543,0.9043799412048578,0.013378563095153504,0.8778733421243825,0.9294259520372266
rounding,Black,Direct Question Estimate,446,0.10313459101288806,0.016813263267562967,0.07223731917037184,0.1379759848644762
rounding,Hispanic,Direct Question Estimate,804,0.2440888039281849,0.01904695572711928,0.2083058195364993,0.28382966389152514
rounding,Other Race,Direct Question Estimate,496,0.20257113129201798,0.02252407949314472,0.1601295190539698,0.24648953410299781
rounding,White,Direct Question Estimate,3544,0.39388417022154104,0.010724235757133938,0.3733272581268988,0.41534874064704896
rounding,Less than High School,List Experiment Estimate,157,-0.04320041705634986,0.1886781694738725,-0.40406344006201417,0.3301447447742084
rounding,High School or Some College,List Experiment Estimate,2793,0.3577137130349888,0.0463295393271348,0.26590410801651704,0.44554018542415386
rounding,College,List Experiment Estimate,1465,0.27412484428443384,0.05069577406656606,0.1752985577677265,0.3731069744998382
rounding,Graduate School,List Experiment Estimate,875,0.10897526979390741,0.06708801366579048,-0.017264255586599987,0.24087610879913107
rounding,Unlikely Voter,List Experiment Estimate,1420,0.2072130529411045,0.07192117331792167,0.0651013177103772,0.3466674954085834
rounding,Likely Voter,List Experiment Estimate,3870,0.3357795994740099,0.038044359985411044,0.2642544892181246,0.41043442877093583
rounding,Entire Sample,List Experiment Estimate,5290,0.29577795373765986,0.03466655453763079,0.22653737384800227,0.36255257339799457
rounding,Men,List Experiment Estimate,2332,0.3345147944033021,0.054113587195086105,0.22543573614347087,0.43908176117892755
rounding,Women,List Experiment Estimate,2958,0.26417381686984415,0.04322209886553989,0.1774682080264078,0.350784632516323
rounding,Below 20th Income Percentile,List Experiment Estimate,1038,0.1558215881960547,0.07968176239792986,-0.0021752723313763025,0.31079663666908913
rounding,20th - 40th Income Percentile,List Experiment Estimate,1361,0.38388619335613156,0.06293450189668191,0.258816426294132,0.5067335428196015
rounding,40th - 60th Income Percentile,List Experiment Estimate,936,0.19688087284800318,0.07462127322224743,0.0532937849705724,0.34813870306458933
rounding,60th - 80th Income Percentile,List Experiment Estimate,1151,0.40703882784463985,0.07530421131862737,0.26014710170889227,0.5495758337343501
rounding,Above 80th Income Percentile,List Experiment Estimate,804,0.3051336386913037,0.0858530994640272,0.13693968931114214,0.4685618938394174
rounding,Strong Democrat,List Experiment Estimate,726,-0.04253060041204374,0.07591772144584548,-0.19410804239123147,0.09864889367877724
rounding,Not very strong Democrat,List Experiment Estimate,1140,0.0504675126186932,0.07025061816943771,-0.0817311989600433,0.19207906195597213
rounding,Lean Democrat,List Experiment Estimate,409,0.08440805950807384,0.10858123811302457,-0.13424685202345646,0.30525580311909734
rounding,Independent,List Experiment Estimate,1131,0.24276472521201709,0.07996016279373519,0.08736050269971664,0.3976486852377283
rounding,Lean Republican,List Experiment Estimate,351,0.5587000345182508,0.10874424348251165,0.3526482777302152,0.7694738074009977
rounding,Not very strong Republican,List Experiment Estimate,990,0.7210685882679467,0.08056403832653153,0.5667143399830811,0.8874569693745036
rounding,Strong Republican,List Experiment Estimate,543,0.8050445409113788,0.09928145859174052,0.6056428140993502,1.001070447337273
rounding,Black,List Experiment Estimate,446,0.16567496806630327,0.11144615935581142,-0.05029685914708327,0.38365807850589073
rounding,Hispanic,List Experiment Estimate,804,0.027639044120550266,0.09474917369543613,-0.15132312745736243,0.22036275265470903
rounding,Other Race,List Experiment Estimate,496,0.24036579180476442,0.11705795039724609,0.003226883683618955,0.4644670674336637
rounding,White,List Experiment Estimate,3544,0.3800202506892989,0.041486666711719196,0.29852313844354056,0.4580835063535833
rounding,Less than High School,Difference,157,0.3505428268797983,0.1860634547849451,-0.013744147982956199,0.7126274230417601
rounding,High School or Some College,Difference,2793,-0.013759197268334189,0.04496834759240631,-0.09873502262284167,0.07880401266123813
rounding,College,Difference,1465,0.027268290211684365,0.04992276049604816,-0.07219638640510853,0.12686521873950435
rounding,Graduate School,Difference,875,0.14867394164532377,0.06534570222811806,0.021779167896584767,0.2737625842261444
rounding,Unlikely Voter,Difference,1420,0.03486118573509259,0.0715273738342853,-0.10433954235027763,0.17732718214428356
rounding,Likely Voter,Difference,3870,0.029351337182046633,0.036925352488819105,-0.04170859474927109,0.10104687175518869
rounding,Entire Sample,Difference,5290,0.029699825494811538,0.03383518751054758,-0.033247172588972584,0.09585417046737496
rounding,Men,Difference,2332,0.034639255317585105,0.052051147414075426,-0.06290132508617614,0.14024402154217197
rounding,Women,Difference,2958,0.019980768908339663,0.04289168215191067,-0.06433695644087283,0.10482836457551022
rounding,Below 20th Income Percentile,Difference,1038,0.1509045193496418,0.07624296667328179,-0.001875786390167781,0.3014106257918446
rounding,20th - 40th Income Percentile,Difference,1361,-0.018031695528978486,0.061029224217937744,-0.13708498523226803,0.10383382640463307
rounding,40th - 60th Income Percentile,Difference,936,0.1427153837468915,0.07423919180988292,-0.002140342227698378,0.28938699232902965
rounding,60th - 80th Income Percentile,Difference,1151,-0.0675724756436995,0.0750030238702983,-0.21098361174513056,0.07718703310352605
rounding,Above 80th Income Percentile,Difference,804,-0.03355714079733524,0.08693207294471329,-0.19899595422073835,0.1377181911836938
rounding,Strong Democrat,Difference,726,0.08765727727118924,0.07560093714174092,-0.05553492039252788,0.23871195260742487
rounding,Not very strong Democrat,Difference,1140,0.04160672687909919,0.06930403892783457,-0.09639928934577555,0.16704608011768116
rounding,Lean Democrat,Difference,409,0.04595120780707626,0.1107098033258271,-0.17579627543559356,0.26575261831520436
rounding,Independent,Difference,1131,-0.041684107973996465,0.08041773931993292,-0.19975697317767,0.11324443775739015
rounding,Lean Republican,Difference,351,0.17550828030415377,0.11041160282527213,-0.043525442049044065,0.3868519060077007
rounding,Not very strong Republican,Difference,990,-0.039767617949982736,0.07838225263819763,-0.19774534160693347,0.11009143950946866
rounding,Strong Republican,Difference,543,0.09933540029347898,0.0992816097263123,-0.09132787790688167,0.29628844664892523
rounding,Black,Difference,446,-0.06254037705341521,0.11232567820996935,-0.2802336812544405,0.1564026598741784
rounding,Hispanic,Difference,804,0.21644975980763465,0.09154449013408833,0.031023817447567822,0.38676347365341557
rounding,Other Race,Difference,496,-0.037794660512746436,0.11215360261343982,-0.2513193411573055,0.19302615422143812
rounding,White,Difference,3544,0.013863919532242142,0.04049845209903355,-0.05914500271514085,0.09546557871962956
rounding,Less than High School,Adjusted Direct Question Estimate,157,0.3363550036401538,0.04141053985697095,0.25544783245518493,0.41844307195930974
rounding,High School or Some College,Adjusted Direct Question Estimate,2793,0.362134918724515,0.010298453865584896,0.34192227016821447,0.3833462609981102
rounding,College,Adjusted Direct Question Estimate,1465,0.3246442745935919,0.013069107145960551,0.30038495463381537,0.3506766702853837
rounding,Graduate School,Adjusted Direct Question Estimate,875,0.2709882047770887,0.015994126734349013,0.24009510120346508,0.3021707395773722
rounding,Unlikely Voter,Adjusted Direct Question Estimate,1420,0.24343071234436642,0.013069062749588214,0.21847999887696115,0.26958183427460464
rounding,Likely Voter,Adjusted Direct Question Estimate,3870,0.36984431356579817,0.008782069258335364,0.35311847466372287,0.3873887648134337
rounding,Entire Sample,Adjusted Direct Question Estimate,5290,0.3359109839373609,0.007220871478057415,0.3219249972869864,0.3501121305179868
rounding,Men,Adjusted Direct Question Estimate,2332,0.3803484802444857,0.011412428412632342,0.35806202567762646,0.40289621055209174
rounding,Women,Adjusted Direct Question Estimate,2958,0.30087777183857284,0.009355799242406745,0.2835104711239789,0.3201448193690357
rounding,Below 20th Income Percentile,Adjusted Direct Question Estimate,1038,0.33336472742850737,0.012536732243524893,0.31065381243679413,0.358467789596494
rounding,20th - 40th Income Percentile,Adjusted Direct Question Estimate,1361,0.35567325096439034,0.010612358132312857,0.3349564915465231,0.3764994475090214
rounding,40th - 60th Income Percentile,Adjusted Direct Question Estimate,936,0.34020965231842515,0.01228848405525817,0.31579150005483386,0.3645961272504541
rounding,60th - 80th Income Percentile,Adjusted Direct Question Estimate,1151,0.3538847525741978,0.013840633827238732,0.3273462329985181,0.3808095663163927
rounding,Above 80th Income Percentile,Adjusted Direct Question Estimate,804,0.27500950076164876,0.01436819503741414,0.24818544437261955,0.3045538323756813
rounding,Strong Democrat,Adjusted Direct Question Estimate,726,0.049742312572116636,0.005480787609777167,0.03978196448936532,0.06138890712589123
rounding,Not very strong Democrat,Adjusted Direct Question Estimate,1140,0.08007152973462384,0.007163773878707793,0.06647704279992127,0.0948362009794465
rounding,Lean Democrat,Adjusted Direct Question Estimate,409,0.1301157953581801,0.014082617014692104,0.1043634329084793,0.15871950598258633
rounding,Independent,Adjusted Direct Question Estimate,1131,0.18812229273289027,0.014296187266427762,0.16005619962085293,0.21622454062780924
rounding,Lean Republican,Adjusted Direct Question Estimate,351,0.5983739012228358,0.0236345376693186,0.5513906892788675,0.6438459719398439
rounding,Not very strong Republican,Adjusted Direct Question Estimate,990,0.723992489674983,0.013154154763923537,0.6981295994628245,0.7493152693499747
rounding,Strong Republican,Adjusted Direct Question Estimate,543,0.8412691799520592,0.01260482164244941,0.817204096068715,0.8654230341650024
rounding,Black,Adjusted Direct Question Estimate,446,0.11238975903148947,0.017047486988674754,0.08002048972822731,0.146216216954567
rounding,Hispanic,Adjusted Direct Question Estimate,804,0.2623132174788513,0.019282755301275382,0.22557213936526724,0.3014674392307901
rounding,Other Race,Adjusted Direct Question Estimate,496,0.2071348185551956,0.021839517699736924,0.16560789453457295,0.24938426469128303
rounding,White,Adjusted Direct Question Estimate,3544,0.3987597561072859,0.00908411102224726,0.38109899338177317,0.4165734980383277
rounding,Less than High School,Adjusted List Experiment Estimate,157,0.15303147976877501,0.10015547662485239,0.05553588553577769,0.4652862022508861
rounding,High School or Some College,Adjusted List Experiment Estimate,2793,0.36664025854774546,0.04489757442583863,0.29989252239078673,0.46754906389345746
rounding,College,Adjusted List Experiment Estimate,1465,0.3547661859971423,0.050527973744513024,0.2498665759834196,0.43778216963847544
rounding,Graduate School,Adjusted List Experiment Estimate,875,0.20526516036382272,0.05378703631397627,0.1362299702881511,0.32642868204310393
rounding,Unlikely Voter,Adjusted List Experiment Estimate,1420,0.24891182840762588,0.06098862631573793,0.16377792894230608,0.3942405627777532
rounding,Likely Voter,Adjusted List Experiment Estimate,3870,0.36019040462865126,0.03474948590244227,0.3092329186209516,0.42428999870247425
rounding,Entire Sample,Adjusted List Experiment Estimate,5290,0.33031978492470876,0.03158490423279147,0.28709677485292506,0.39197937395471444
rounding,Men,Adjusted List Experiment Estimate,2332,0.3351203868706846,0.04353916458992145,0.2743524510466676,0.4237142238538536
rounding,Women,Adjusted List Experiment Estimate,2958,0.3265351318692606,0.04938150147297513,0.24927257005169481,0.4303337459327101
rounding,Below 20th Income Percentile,Adjusted List Experiment Estimate,1038,0.309830072215703,0.04273584670830287,0.2489513195728603,0.4076281785557895
rounding,20th - 40th Income Percentile,Adjusted List Experiment Estimate,1361,0.3463440891918833,0.032941747674237964,0.29692672277535054,0.4122453913896357
rounding,40th - 60th Income Percentile,Adjusted List Experiment Estimate,936,0.3479022499123532,0.03878398544256823,0.2825765017521939,0.4151556662538601
rounding,60th - 80th Income Percentile,Adjusted List Experiment Estimate,1151,0.3969052072596372,0.052754217412777735,0.29010525840010604,0.48934931700540935
rounding,Above 80th Income Percentile,Adjusted List Experiment Estimate,804,0.21385490351722788,0.051022956261218985,0.15502516839066988,0.3448009857582275
rounding,Strong Democrat,Adjusted List Experiment Estimate,726,0.008024003998453077,0.04446911622085799,1.2038106110363838e-5,0.07834344137982706
rounding,Not very strong Democrat,Adjusted List Experiment Estimate,1140,0.025471616377344953,0.05001148279265486,0.0016848779259624805,0.11562886094407579
rounding,Lean Democrat,Adjusted List Experiment Estimate,409,0.07559741325104104,0.0714980491874609,0.009461660818609748,0.23827824183041155
rounding,Independent,Adjusted List Experiment Estimate,1131,0.2653585120622896,0.07348799456429014,0.13817228736992665,0.41572756906695923
rounding,Lean Republican,Adjusted List Experiment Estimate,351,0.48542067851835463,0.13601556620630673,0.2704701494070883,0.8181404070297187
rounding,Not very strong Republican,Adjusted List Experiment Estimate,990,0.7317282732905515,0.07143580999635069,0.597967785899147,0.8847537896557642
rounding,Strong Republican,Adjusted List Experiment Estimate,543,0.8963077804768789,0.06506424669501337,0.7227512570362178,0.970238792780265
rounding,Black,Adjusted List Experiment Estimate,446,0.21966793798473117,0.09528031568646284,0.028193979272543662,0.41604018336111753
rounding,Hispanic,Adjusted List Experiment Estimate,804,0.09047998131274516,0.06192054133911213,0.021510772123001592,0.21908602552638073
rounding,Other Race,Adjusted List Experiment Estimate,496,0.28483741789510775,0.10218635082271339,0.07875798543526201,0.493123965526977
rounding,White,Adjusted List Experiment Estimate,3544,0.40502102078416996,0.037363633686563764,0.3447060683766758,0.47938222168065636
rounding,Less than High School,Adjusted Difference,157,0.1833235238713788,0.10410971388095344,-0.1303403930231405,0.29335122619033216
rounding,High School or Some College,Adjusted Difference,2793,-0.004505339823230481,0.04424556603587554,-0.09932972219517333,0.0610840636387949
rounding,College,Adjusted Difference,1465,-0.030121911403550417,0.04984741841015872,-0.10981502627410944,0.07166733943393161
rounding,Graduate School,Adjusted Difference,875,0.06572304441326596,0.05222098625285734,-0.05013869615325298,0.13535710473436166
rounding,Unlikely Voter,Adjusted Difference,1420,-0.005481116063259461,0.0608851035323557,-0.15257376292122127,0.08074727214661973
rounding,Likely Voter,Adjusted Difference,3870,0.009653908937146904,0.03403145167333855,-0.05321178774210492,0.06169597155201858
rounding,Entire Sample,Adjusted Difference,5290,0.005591199012652148,0.031133797028184085,-0.055227175939658715,0.04801992824037351
rounding,Men,Adjusted Difference,2332,0.045228093373801126,0.04319357500008776,-0.04267059386754032,0.10834187466531103
rounding,Women,Adjusted Difference,2958,-0.025657360030687748,0.04899336121569168,-0.13116409816167238,0.05531386055915718
rounding,Below 20th Income Percentile,Adjusted Difference,1038,0.023534655212804345,0.041698384443023685,-0.07805343841672108,0.08002825028003314
rounding,20th - 40th Income Percentile,Adjusted Difference,1361,0.009329161772507033,0.0316824320989488,-0.051294537655599805,0.058529433549095775
rounding,40th - 60th Income Percentile,Adjusted Difference,936,-0.007692597593928041,0.037060416388104624,-0.06924952123884387,0.05408613184415406
rounding,60th - 80th Income Percentile,Adjusted Difference,1151,-0.04302045468543936,0.05143718648789794,-0.13098401534748388,0.05707821833720833
rounding,Above 80th Income Percentile,Adjusted Difference,804,0.06115459724442088,0.05029712304225671,-0.06442353860114668,0.12780663264539693
rounding,Strong Democrat,Adjusted Difference,726,0.04171830857366356,0.04447102093773308,-0.02768938608808531,0.054890927737423434
rounding,Not very strong Democrat,Adjusted Difference,1140,0.05459991335727889,0.050096540653618994,-0.03513020969858496,0.08240792995579291
rounding,Lean Democrat,Adjusted Difference,409,0.054518382107139066,0.07224815849725831,-0.1074834492391501,0.12541551586186553
rounding,Independent,Adjusted Difference,1131,-0.07723621932939934,0.07374511305322777,-0.227117752634381,0.058452884786290876
rounding,Lean Republican,Adjusted Difference,351,0.11295322270448122,0.13507296707853786,-0.2218941839650529,0.32067875581305955
rounding,Not very strong Republican,Adjusted Difference,990,-0.007735783615568481,0.07155785671618904,-0.15770305026648662,0.12403586636235746
rounding,Strong Republican,Adjusted Difference,543,-0.05503860052481968,0.06546687388558617,-0.12874878211082416,0.12297268120910718
rounding,Black,Adjusted Difference,446,-0.1072781789532417,0.09579758266555008,-0.30147099554922313,0.08171233845140567
rounding,Hispanic,Adjusted Difference,804,0.17183323616610613,0.060555471236426635,0.047063847211495265,0.2399746343130026
rounding,Other Race,Adjusted Difference,496,-0.07770259933991214,0.09861380911995332,-0.27863281353543856,0.11755669734269061
rounding,White,Adjusted Difference,3544,-0.006261264676884037,0.03655182441636408,-0.07791295946807188,0.05448709898159064
shipped,Less than High School,Direct Question Estimate,157,0.30734240982344846,0.04242455316422531,0.23092759898812554,0.3889615375638074
shipped,High School or Some College,Direct Question Estimate,2793,0.3439545157666546,0.009371272675272359,0.32773753476256945,0.3623180800332084
shipped,College,Direct Question Estimate,1465,0.3013931344961182,0.014312512683365872,0.27329400302537527,0.3295246027690025
shipped,Graduate School,Direct Question Estimate,875,0.2576492114392312,0.01803554524404086,0.22452537779616213,0.2923340137198053
shipped,Unlikely Voter,Direct Question Estimate,1420,0.2420742386761971,0.01369482659576804,0.21587068174351276,0.27153561224607936
shipped,Likely Voter,Direct Question Estimate,3870,0.36513093665605656,0.008936922173180158,0.3487365291543369,0.3824862160736119
shipped,Entire Sample,Direct Question Estimate,5290,0.3254777792324714,0.007522900416825357,0.31141919066422624,0.3392542391312697
shipped,Men,Direct Question Estimate,2332,0.3691540497208872,0.013073143086225852,0.33951230768924223,0.391659274388605
shipped,Women,Direct Question Estimate,2958,0.2841545857781838,0.010216000565939241,0.26143108268447807,0.3020206750840466
shipped,Below 20th Income Percentile,Direct Question Estimate,1038,0.3067261075456965,0.017254950264757433,0.27132116675420204,0.336500949811686
shipped,20th - 40th Income Percentile,Direct Question Estimate,1361,0.36585449782715307,0.017088009780112174,0.33687090945304854,0.39733170024046566
shipped,40th - 60th Income Percentile,Direct Question Estimate,936,0.3395962565948947,0.018822541002899672,0.298918185535558,0.3736651544741235
shipped,60th - 80th Income Percentile,Direct Question Estimate,1151,0.33946635220094035,0.016386575241317945,0.30807727749848846,0.37216162448953477
shipped,Above 80th Income Percentile,Direct Question Estimate,804,0.2715764978939685,0.020863546890666513,0.23662315707890028,0.31238711520050394
shipped,Strong Democrat,Direct Question Estimate,726,0.0451266768591455,0.008448702298974714,0.03165850824404161,0.06541246112339318
shipped,Not very strong Democrat,Direct Question Estimate,1140,0.09207423949779239,0.011972757613579639,0.06930975969412664,0.11924595717952709
shipped,Lean Democrat,Direct Question Estimate,409,0.1303592673151501,0.02137108640509808,0.08661506515998973,0.1732632283096094
shipped,Independent,Direct Question Estimate,1131,0.20108061723802062,0.015170645181490241,0.17043078695867414,0.2308380283142976
shipped,Lean Republican,Direct Question Estimate,351,0.7342083148224046,0.025383734816344306,0.6812492077275756,0.7792010173421596
shipped,Not very strong Republican,Direct Question Estimate,990,0.681300970317964,0.019335587608468287,0.6409919174316202,0.714639749380182
shipped,Strong Republican,Direct Question Estimate,543,0.9043799412048578,0.0132809756543228,0.8758476895945775,0.9302511268299923
shipped,Black,Direct Question Estimate,446,0.10313459101288806,0.01555884608479451,0.07481400490634102,0.13346800214201193
shipped,Hispanic,Direct Question Estimate,804,0.2440888039281849,0.01906149423225551,0.2056684118041257,0.2781122722144792
shipped,Other Race,Direct Question Estimate,496,0.20257113129201798,0.02172097340385686,0.16031996579780788,0.24358290696044593
shipped,White,Direct Question Estimate,3544,0.39388417022154104,0.009954363550924432,0.3732976347495273,0.4131462972216095
shipped,Less than High School,List Experiment Estimate,157,-0.04320041705634986,0.17846104459888654,-0.4003246882829145,0.26161444475969176
shipped,High School or Some College,List Experiment Estimate,2793,0.3577137130349888,0.04699159494340262,0.2794316004187841,0.45716142854275105
shipped,College,List Experiment Estimate,1465,0.27412484428443384,0.0518734974338322,0.17043777793191145,0.367432134329854
shipped,Graduate School,List Experiment Estimate,875,0.10897526979390741,0.07087140995628896,-0.01763187351677687,0.2501372676437676
shipped,Unlikely Voter,List Experiment Estimate,1420,0.2072130529411045,0.07169852990707147,0.08307657426469767,0.3540579482124452
shipped,Likely Voter,List Experiment Estimate,3870,0.3357795994740099,0.036299544650833356,0.2665791433859005,0.4041370995877974
shipped,Entire Sample,List Experiment Estimate,5290,0.29577795373765986,0.03422987728657226,0.23704245759825326,0.36350518127526726
shipped,Men,List Experiment Estimate,2332,0.3345147944033021,0.054588000340476554,0.23256511906074348,0.44613174403250766
shipped,Women,List Experiment Estimate,2958,0.26417381686984415,0.040795429309496076,0.18633676183909775,0.34426043482000673
shipped,Below 20th Income Percentile,List Experiment Estimate,1038,0.1558215881960547,0.09148836712769057,-0.014068035129252254,0.31251970768942383
shipped,20th - 40th Income Percentile,List Experiment Estimate,1361,0.38388619335613156,0.06512401428376376,0.2592056775562199,0.5111929294416734
shipped,40th - 60th Income Percentile,List Experiment Estimate,936,0.19688087284800318,0.07759358828902577,0.046534726167862105,0.3400610781710133
shipped,60th - 80th Income Percentile,List Experiment Estimate,1151,0.40703882784463985,0.07882077447608853,0.2734111423121378,0.5554686843038966
shipped,Above 80th Income Percentile,List Experiment Estimate,804,0.3051336386913037,0.08519065573421246,0.14372552505208386,0.47436561618213063
shipped,Strong Democrat,List Experiment Estimate,726,-0.04253060041204374,0.07987967195458424,-0.1811447483080347,0.12681024386133444
shipped,Not very strong Democrat,List Experiment Estimate,1140,0.0504675126186932,0.06950932459971779,-0.07765223296538935,0.17404087050186093
shipped,Lean Democrat,List Experiment Estimate,409,0.08440805950807384,0.0939917662060867,-0.08550601710848318,0.26293455915616
shipped,Independent,List Experiment Estimate,1131,0.24276472521201709,0.0820377890060952,0.08816975163521676,0.38848243069360533
shipped,Lean Republican,List Experiment Estimate,351,0.5587000345182508,0.10785832061470568,0.3394011895962697,0.7600587851653073
shipped,Not very strong Republican,List Experiment Estimate,990,0.7210685882679467,0.0796178724618271,0.5763147336946121,0.8773240486621072
shipped,Strong Republican,List Experiment Estimate,543,0.8050445409113788,0.08799977613536937,0.6359463095346269,0.9587716166886484
shipped,Black,List Experiment Estimate,446,0.16567496806630327,0.10600162905151045,-0.04967277853477113,0.3868752900210582
shipped,Hispanic,List Experiment Estimate,804,0.027639044120550266,0.09346251942495795,-0.12410067590943924,0.2257779864941424
shipped,Other Race,List Experiment Estimate,496,0.24036579180476442,0.11623168160508364,0.01345004910899129,0.4503718075805845
shipped,White,List Experiment Estimate,3544,0.3800202506892989,0.042976904325047006,0.30566252360591745,0.46042351153925726
shipped,Less than High School,Difference,157,0.3505428268797983,0.1806269179286055,-0.002000377505386245,0.6829726490224267
shipped,High School or Some College,Difference,2793,-0.013759197268334189,0.047267455276512625,-0.11517192933189933,0.06943611452704272
shipped,College,Difference,1465,0.027268290211684365,0.051285743450553097,-0.0618552490488025,0.14253148278537459
shipped,Graduate School,Difference,875,0.14867394164532377,0.0700101100201026,0.009585292557854848,0.280488744551313
shipped,Unlikely Voter,Difference,1420,0.03486118573509259,0.07236959398358596,-0.10902298156966114,0.1700520251146798
shipped,Likely Voter,Difference,3870,0.029351337182046633,0.03651958635838698,-0.032354754705953274,0.09995913882193631
shipped,Entire Sample,Difference,5290,0.029699825494811538,0.03443042275977234,-0.037058535710090254,0.09231081711879638
shipped,Men,Difference,2332,0.034639255317585105,0.053117449708145595,-0.07535070477863945,0.13376730220249558
shipped,Women,Difference,2958,0.019980768908339663,0.04224134697134808,-0.06664373227907056,0.10640041312036745
shipped,Below 20th Income Percentile,Difference,1038,0.1509045193496418,0.08690153405242912,-0.011305626495574327,0.3124565392699528
shipped,20th - 40th Income Percentile,Difference,1361,-0.018031695528978486,0.06453335684141608,-0.13443029251530936,0.10151530348683653
shipped,40th - 60th Income Percentile,Difference,936,0.1427153837468915,0.07574061905781448,0.009515763203737026,0.29198919236644844
shipped,60th - 80th Income Percentile,Difference,1151,-0.0675724756436995,0.07721260136824969,-0.21781207413409948,0.060062631258298645
shipped,Above 80th Income Percentile,Difference,804,-0.03355714079733524,0.086494984665833885,-0.19257565185126288,0.12526093039268674
shipped,Strong Democrat,Difference,726,0.08765727727118924,0.07944523699508686,-0.0725100200687388,0.22697387445601183
shipped,Not very strong Democrat,Difference,1140,0.04160672687909919,0.0685446675131434,-0.08356403400243294,0.16003669901427828
shipped,Lean Democrat,Difference,409,0.04595120780707626,0.09524967189893502,-0.1486571305526846,0.2309022737686103
shipped,Independent,Difference,1131,-0.041684107973996465,0.08388117411798765,-0.1914840912369383,0.12189919895297442
shipped,Lean Republican,Difference,351,0.17550828030415377,0.11057835465273128,-0.03392243470851596,0.38388810317749783
shipped,Not very strong Republican,Difference,990,-0.039767617949982736,0.07782977387430769,-0.18701211337844328,0.09831680674738058
shipped,Strong Republican,Difference,543,0.09933540029347898,0.0893707410063728,-0.06415720102514406,0.25967793904913306
shipped,Black,Difference,446,-0.06254037705341521,0.1062126988960623,-0.2803515007917089,0.17114579464470542
shipped,Hispanic,Difference,804,0.21644975980763465,0.09166416726233148,0.028254686202093662,0.3623175174947483
shipped,Other Race,Difference,496,-0.037794660512746436,0.1137039250801324,-0.24977537526144739,0.18941130220868846
shipped,White,Difference,3544,0.013863919532242142,0.04246961124645543,-0.06133224266626626,0.09711548734551416
shipped,Less than High School,Adjusted Direct Question Estimate,157,0.3363550036401538,0.041912078425217394,0.25728977288369675,0.4171238410787805
shipped,High School or Some College,Adjusted Direct Question Estimate,2793,0.362134918724515,0.00831996673675887,0.3462797876033788,0.3774865356676284
shipped,College,Adjusted Direct Question Estimate,1465,0.3246442745935919,0.013338161510585601,0.29939124434187575,0.3481894142981703
shipped,Graduate School,Adjusted Direct Question Estimate,875,0.2709882047770887,0.018106018625988866,0.23882366726233936,0.3066086576858267
shipped,Unlikely Voter,Adjusted Direct Question Estimate,1420,0.24343071234436642,0.012876365545166418,0.21694198698131562,0.26736638411007846
shipped,Likely Voter,Adjusted Direct Question Estimate,3870,0.36984431356579817,0.008492097982932706,0.355181164667556,0.38891260360292806
shipped,Entire Sample,Adjusted Direct Question Estimate,5290,0.3359109839373609,0.006846989733290878,0.3244495867098035,0.34971070322997316
shipped,Men,Adjusted Direct Question Estimate,2332,0.3803484802444857,0.011247555344977352,0.35709016885726275,0.40276250153992915
shipped,Women,Adjusted Direct Question Estimate,2958,0.30087777183857284,0.009304094799761773,0.2810696138026585,0.3204401345774448
shipped,Below 20th Income Percentile,Adjusted Direct Question Estimate,1038,0.33336472742850737,0.012598994817377362,0.3098072986360012,0.35694301343860774
shipped,20th - 40th Income Percentile,Adjusted Direct Question Estimate,1361,0.35567325096439034,0.010431825087014613,0.33483074122608847,0.3748767920555375
shipped,40th - 60th Income Percentile,Adjusted Direct Question Estimate,936,0.34020965231842515,0.012759982855223426,0.3183941649637027,0.3668031389853144
shipped,60th - 80th Income Percentile,Adjusted Direct Question Estimate,1151,0.3538847525741978,0.013010496380929082,0.3303497782713262,0.381720729439893
shipped,Above 80th Income Percentile,Adjusted Direct Question Estimate,804,0.27500950076164876,0.014291743954898422,0.2470667093090883,0.30129036842815654
shipped,Strong Democrat,Adjusted Direct Question Estimate,726,0.049742312572116636,0.005470587603526195,0.03954703985873631,0.06180200506400961
shipped,Not very strong Democrat,Adjusted Direct Question Estimate,1140,0.08007152973462384,0.007084434387426183,0.06673845928153649,0.09653671920321873
shipped,Lean Democrat,Adjusted Direct Question Estimate,409,0.1301157953581801,0.013838311886155941,0.10750942439878207,0.1596723184157416
shipped,Independent,Adjusted Direct Question Estimate,1131,0.18812229273289027,0.013636201656743393,0.16096478777096515,0.21513653707749383
shipped,Lean Republican,Adjusted Direct Question Estimate,351,0.5983739012228358,0.02356657014148226,0.5527437589228948,0.6457889024432957
shipped,Not very strong Republican,Adjusted Direct Question Estimate,990,0.723992489674983,0.013126554401600285,0.6984752113489919,0.7505992901853511
shipped,Strong Republican,Adjusted Direct Question Estimate,543,0.8412691799520592,0.011944446915562977,0.81776660933336,0.8662375645752814
shipped,Black,Adjusted Direct Question Estimate,446,0.11238975903148947,0.01600630454313211,0.08449155972713891,0.14075311263272214
shipped,Hispanic,Adjusted Direct Question Estimate,804,0.2623132174788513,0.01923629671731952,0.22579346752028912,0.3060304147114857
shipped,Other Race,Adjusted Direct Question Estimate,496,0.2071348185551956,0.021101416391409347,0.163946650674829,0.24338169493504158
shipped,White,Adjusted Direct Question Estimate,3544,0.3987597561072859,0.008956287175454016,0.38134904984688767,0.4162073717970099
shipped,Less than High School,Adjusted List Experiment Estimate,157,0.15303147976877501,0.08367381501215831,0.04527579745851761,0.34234835815930964
shipped,High School or Some College,Adjusted List Experiment Estimate,2793,0.36664025854774546,0.04142383237045709,0.30836513228891055,0.45660711821019656
shipped,College,Adjusted List Experiment Estimate,1465,0.3547661859971423,0.047915934930831953,0.2506756654943596,0.43930926174988294
shipped,Graduate School,Adjusted List Experiment Estimate,875,0.20526516036382272,0.05152999532854252,0.12057261759919152,0.32153960142746163
shipped,Unlikely Voter,Adjusted List Experiment Estimate,1420,0.24891182840762588,0.05683685272894869,0.15933525672461357,0.36562860423937016
shipped,Likely Voter,Adjusted List Experiment Estimate,3870,0.36019040462865126,0.029814477560517916,0.31261562358742195,0.42420494072754356
shipped,Entire Sample,Adjusted List Experiment Estimate,5290,0.33031978492470876,0.02619337618080344,0.2882544263059811,0.38430980409387816
shipped,Men,Adjusted List Experiment Estimate,2332,0.3351203868706846,0.034359474224036936,0.2923604211577723,0.42738765023055425
shipped,Women,Adjusted List Experiment Estimate,2958,0.3265351318692606,0.04602749944515224,0.2533029827188699,0.4181181171800527
shipped,Below 20th Income Percentile,Adjusted List Experiment Estimate,1038,0.309830072215703,0.03766909292749899,0.24691464610266492,0.40171154295743317
shipped,20th - 40th Income Percentile,Adjusted List Experiment Estimate,1361,0.3463440891918833,0.027546326010331152,0.3038719842995177,0.4030181181143628
shipped,40th - 60th Income Percentile,Adjusted List Experiment Estimate,936,0.3479022499123532,0.034108806214338705,0.2787207426452028,0.4127187013525966
shipped,60th - 80th Income Percentile,Adjusted List Experiment Estimate,1151,0.3969052072596372,0.049142431405551766,0.29400991368786167,0.4779418995253692
shipped,Above 80th Income Percentile,Adjusted List Experiment Estimate,804,0.21385490351722788,0.04726802673151447,0.14991452063218486,0.32772125518709583
shipped,Strong Democrat,Adjusted List Experiment Estimate,726,0.008024003998453077,0.020725621934573675,7.476227420213736e-5,0.06831734127638675
shipped,Not very strong Democrat,Adjusted List Experiment Estimate,1140,0.025471616377344953,0.028483642718263216,0.002307074774115337,0.10420382201159382
shipped,Lean Democrat,Adjusted List Experiment Estimate,409,0.07559741325104104,0.054530622140667416,0.013040554306119077,0.2129925312505227
shipped,Independent,Adjusted List Experiment Estimate,1131,0.2653585120622896,0.06873074551128057,0.150413670198937,0.40866819647300723
shipped,Lean Republican,Adjusted List Experiment Estimate,351,0.48542067851835463,0.13040381786557884,0.2775535699347207,0.7776239439883685
shipped,Not very strong Republican,Adjusted List Experiment Estimate,990,0.7317282732905515,0.07116027171825548,0.6129320680615828,0.9021169536755764
shipped,Strong Republican,Adjusted List Experiment Estimate,543,0.8963077804768789,0.0568733311822512,0.7613939338064571,0.9723841192479126
shipped,Black,Adjusted List Experiment Estimate,446,0.21966793798473117,0.08071447536297287,0.11934515699323228,0.41904843468797176
shipped,Hispanic,Adjusted List Experiment Estimate,804,0.09047998131274516,0.06271202878042482,0.032534407964410685,0.25362460932754083
shipped,Other Race,Adjusted List Experiment Estimate,496,0.28483741789510775,0.09250556424425402,0.11105743729799344,0.47783994779537564
shipped,White,Adjusted List Experiment Estimate,3544,0.40502102078416996,0.033527889885131376,0.34241937336995465,0.46749923567006113
shipped,Less than High School,Adjusted Difference,157,0.1833235238713788,0.082287044071128565,0.014159978072600873,0.3110558108824129
shipped,High School or Some College,Adjusted Difference,2793,-0.004505339823230481,0.04163724674399346,-0.10388983068017124,0.052428827860615076
shipped,College,Adjusted Difference,1465,-0.030121911403550417,0.04892509545749217,-0.11622403497668118,0.06403346586225195
shipped,Graduate School,Adjusted Difference,875,0.06572304441326596,0.04948715410272754,-0.04783200131526184,0.15265393784092013
shipped,Unlikely Voter,Adjusted Difference,1420,-0.005481116063259461,0.057502123622852806,-0.12515933563028492,0.08547868843097012
shipped,Likely Voter,Adjusted Difference,3870,0.009653908937146904,0.030271230772094742,-0.05440804095090898,0.06266617770058959
shipped,Entire Sample,Adjusted Difference,5290,0.005591199012652148,0.02704694594218152,-0.051393631398926665,0.0463993837397073
shipped,Men,Adjusted Difference,2332,0.045228093373801126,0.033336482923496225,-0.03667334998575782,0.08689546808078835
shipped,Women,Adjusted Difference,2958,-0.025657360030687748,0.04791607189653187,-0.12015547786110334,0.05025489428026936
shipped,Below 20th Income Percentile,Adjusted Difference,1038,0.023534655212804345,0.03828634018452257,-0.062488904889146935,0.09154966162375786
shipped,20th - 40th Income Percentile,Adjusted Difference,1361,0.009329161772507033,0.027725158442550503,-0.04605122653349768,0.05360542473732913
shipped,40th - 60th Income Percentile,Adjusted Difference,936,-0.007692597593928041,0.03255530960265141,-0.06936682782000947,0.058992364889972226
shipped,60th - 80th Income Percentile,Adjusted Difference,1151,-0.04302045468543936,0.04835998839851574,-0.11909753548358369,0.061935296207979426
shipped,Above 80th Income Percentile,Adjusted Difference,804,0.06115459724442088,0.04699619110221928,-0.05236350479532359,0.12786351055529505
shipped,Strong Democrat,Adjusted Difference,726,0.04171830857366356,0.02161937953938133,-0.017958567277781924,0.0572187750665305
shipped,Not very strong Democrat,Adjusted Difference,1140,0.05459991335727889,0.029558810064199387,-0.025279434790763538,0.08197792178762847
shipped,Lean Democrat,Adjusted Difference,409,0.054518382107139066,0.05536070480771296,-0.08374908062459946,0.11491022798082803
shipped,Independent,Adjusted Difference,1131,-0.07723621932939934,0.0701434042447552,-0.22446843435687241,0.04585074815549241
shipped,Lean Republican,Adjusted Difference,351,0.11295322270448122,0.13022559974634934,-0.16480782233654154,0.32051296812256336
shipped,Not very strong Republican,Adjusted Difference,990,-0.007735783615568481,0.07010736913974855,-0.17523812665294158,0.12120805543986382
shipped,Strong Republican,Adjusted Difference,543,-0.05503860052481968,0.05690553247021497,-0.1285903830018478,0.08303207721397823
shipped,Black,Adjusted Difference,446,-0.1072781789532417,0.07889370861719304,-0.2986600905043235,-0.010602885693574413
shipped,Hispanic,Adjusted Difference,804,0.17183323616610613,0.06131572933715762,0.01895118960284229,0.23413343605685855
shipped,Other Race,Adjusted Difference,496,-0.07770259933991214,0.09064931343118666,-0.2728939890363905,0.09290173133805925
shipped,White,Adjusted Difference,3544,-0.006261264676884037,0.03339464336838788,-0.06793594295937358,0.059802943413638746
shipped_as_deposited,Less than High School,Direct Question Estimate,157,0.30734240982344846,0.04242455316422531,0.23092759898812554,0.3889615375638074
shipped_as_deposited,High School or Some College,Direct Question Estimate,2793,0.3439545157666546,0.009371272675272359,0.32773753476256945,0.3623180800332084
shipped_as_deposited,College,Direct Question Estimate,1465,0.3013931344961182,0.014312512683365872,0.27329400302537527,0.3295246027690025
shipped_as_deposited,Graduate School,Direct Question Estimate,875,0.2576492114392312,0.01803554524404086,0.22452537779616213,0.2923340137198053
shipped_as_deposited,Unlikely Voter,Direct Question Estimate,1420,0.2420742386761971,0.01369482659576804,0.21587068174351276,0.27153561224607936
shipped_as_deposited,Likely Voter,Direct Question Estimate,3870,0.36513093665605656,0.008936922173180158,0.3487365291543369,0.3824862160736119
shipped_as_deposited,Entire Sample,Direct Question Estimate,5290,0.3254777792324714,0.007522900416825357,0.31141919066422624,0.3392542391312697
shipped_as_deposited,Men,Direct Question Estimate,2332,0.3691540497208872,0.013073143086225852,0.33951230768924223,0.391659274388605
shipped_as_deposited,Women,Direct Question Estimate,2958,0.2841545857781838,0.010216000565939241,0.26143108268447807,0.3020206750840466
shipped_as_deposited,Below 20th Income Percentile,Direct Question Estimate,1038,0.3067261075456965,0.017254950264757433,0.27132116675420204,0.336500949811686
shipped_as_deposited,20th - 40th Income Percentile,Direct Question Estimate,1361,0.36585449782715307,0.017088009780112174,0.33687090945304854,0.39733170024046566
shipped_as_deposited,40th - 60th Income Percentile,Direct Question Estimate,936,0.3395962565948947,0.018822541002899672,0.298918185535558,0.3736651544741235
shipped_as_deposited,60th - 80th Income Percentile,Direct Question Estimate,1151,0.33946635220094035,0.016386575241317945,0.30807727749848846,0.37216162448953477
shipped_as_deposited,Above 80th Income Percentile,Direct Question Estimate,804,0.2715764978939685,0.020863546890666513,0.23662315707890028,0.31238711520050394
shipped_as_deposited,Strong Democrat,Direct Question Estimate,726,0.0451266768591455,0.008448702298974714,0.03165850824404161,0.06541246112339318
shipped_as_deposited,Not very strong Democrat,Direct Question Estimate,1140,0.09207423949779239,0.011972757613579639,0.06930975969412664,0.11924595717952709
shipped_as_deposited,Lean Democrat,Direct Question Estimate,409,0.1303592673151501,0.02137108640509808,0.08661506515998973,0.1732632283096094
shipped_as_deposited,Independent,Direct Question Estimate,1131,0.20108061723802062,0.015170645181490241,0.17043078695867414,0.2308380283142976
shipped_as_deposited,Lean Republican,Direct Question Estimate,351,0.7342083148224046,0.025383734816344306,0.6812492077275756,0.7792010173421596
shipped_as_deposited,Not very strong Republican,Direct Question Estimate,990,0.681300970317964,0.019335587608468287,0.6409919174316202,0.714639749380182
shipped_as_deposited,Strong Republican,Direct Question Estimate,543,0.9043799412048578,0.0132809756543228,0.8758476895945775,0.9302511268299923
shipped_as_deposited,Black,Direct Question Estimate,446,0.10313459101288806,0.01555884608479451,0.07481400490634102,0.13346800214201193
shipped_as_deposited,Hispanic,Direct Question Estimate,804,0.2440888039281849,0.01906149423225551,0.2056684118041257,0.2781122722144792
shipped_as_deposited,Other Race,Direct Question Estimate,496,0.20257113129201798,0.02172097340385686,0.16031996579780788,0.24358290696044593
shipped_as_deposited,White,Direct Question Estimate,3544,0.39388417022154104,0.009954363550924432,0.3732976347495273,0.4131462972216095
shipped_as_deposited,Less than High School,List Experiment Estimate,157,-0.04320041705634986,0.17846104459888654,-0.4003246882829145,0.26161444475969176
shipped_as_deposited,High School or Some College,List Experiment Estimate,2793,0.3577137130349888,0.04699159494340262,0.2794316004187841,0.45716142854275105
shipped_as_deposited,College,List Experiment Estimate,1465,0.27412484428443384,0.0518734974338322,0.17043777793191145,0.367432134329854
shipped_as_deposited,Graduate School,List Experiment Estimate,875,0.10897526979390741,0.07087140995628896,-0.01763187351677687,0.2501372676437676
shipped_as_deposited,Unlikely Voter,List Experiment Estimate,1420,0.2072130529411045,0.07169852990707147,0.08307657426469767,0.3540579482124452
shipped_as_deposited,Likely Voter,List Experiment Estimate,3870,0.3357795994740099,0.036299544650833356,0.2665791433859005,0.4041370995877974
shipped_as_deposited,Entire Sample,List Experiment Estimate,5290,0.29577795373765986,0.03422987728657226,0.23704245759825326,0.36350518127526726
shipped_as_deposited,Men,List Experiment Estimate,2332,0.3345147944033021,0.054588000340476554,0.23256511906074348,0.44613174403250766
shipped_as_deposited,Women,List Experiment Estimate,2958,0.26417381686984415,0.040795429309496076,0.18633676183909775,0.34426043482000673
shipped_as_deposited,Below 20th Income Percentile,List Experiment Estimate,1038,0.1558215881960547,0.09148836712769057,-0.014068035129252254,0.31251970768942383
shipped_as_deposited,20th - 40th Income Percentile,List Experiment Estimate,1361,0.38388619335613156,0.06512401428376376,0.2592056775562199,0.5111929294416734
shipped_as_deposited,40th - 60th Income Percentile,List Experiment Estimate,936,0.19688087284800318,0.07759358828902577,0.046534726167862105,0.3400610781710133
shipped_as_deposited,60th - 80th Income Percentile,List Experiment Estimate,1151,0.40703882784463985,0.07882077447608853,0.2734111423121378,0.5554686843038966
shipped_as_deposited,Above 80th Income Percentile,List Experiment Estimate,804,0.3051336386913037,0.08519065573421246,0.14372552505208386,0.47436561618213063
shipped_as_deposited,Strong Democrat,List Experiment Estimate,726,-0.04253060041204374,0.07987967195458424,-0.1811447483080347,0.12681024386133444
shipped_as_deposited,Not very strong Democrat,List Experiment Estimate,1140,0.0504675126186932,0.06950932459971779,-0.07765223296538935,0.17404087050186093
shipped_as_deposited,Lean Democrat,List Experiment Estimate,409,0.08440805950807384,0.0939917662060867,-0.08550601710848318,0.26293455915616
shipped_as_deposited,Independent,List Experiment Estimate,1131,0.24276472521201709,0.0820377890060952,0.08816975163521676,0.38848243069360533
shipped_as_deposited,Lean Republican,List Experiment Estimate,351,0.5587000345182508,0.10785832061470568,0.3394011895962697,0.7600587851653073
shipped_as_deposited,Not very strong Republican,List Experiment Estimate,990,0.7210685882679467,0.0796178724618271,0.5763147336946121,0.8773240486621072
shipped_as_deposited,Strong Republican,List Experiment Estimate,543,0.8050445409113788,0.08799977613536937,0.6359463095346269,0.9587716166886484
shipped_as_deposited,Black,List Experiment Estimate,446,0.16567496806630327,0.10600162905151045,-0.04967277853477113,0.3868752900210582
shipped_as_deposited,Hispanic,List Experiment Estimate,804,0.027639044120550266,0.09346251942495795,-0.12410067590943924,0.2257779864941424
shipped_as_deposited,Other Race,List Experiment Estimate,496,0.24036579180476442,0.11623168160508364,0.01345004910899129,0.4503718075805845
shipped_as_deposited,White,List Experiment Estimate,3544,0.3800202506892989,0.042976904325047006,0.30566252360591745,0.46042351153925726
shipped_as_deposited,Less than High School,Difference,157,0.3505428268797983,0.1806269179286055,-0.002000377505386245,0.6829726490224267
shipped_as_deposited,High School or Some College,Difference,2793,-0.013759197268334189,0.047267455276512625,-0.11517192933189933,0.06943611452704272
shipped_as_deposited,College,Difference,1465,0.027268290211684365,0.051285743450553097,-0.0618552490488025,0.14253148278537459
shipped_as_deposited,Graduate School,Difference,875,0.14867394164532377,0.0700101100201026,0.009585292557854848,0.280488744551313
shipped_as_deposited,Unlikely Voter,Difference,1420,0.03486118573509259,0.07236959398358596,-0.10902298156966114,0.1700520251146798
shipped_as_deposited,Likely Voter,Difference,3870,0.029351337182046633,0.03651958635838698,-0.032354754705953274,0.09995913882193631
shipped_as_deposited,Entire Sample,Difference,5290,0.029699825494811538,0.03443042275977234,-0.037058535710090254,0.09231081711879638
shipped_as_deposited,Men,Difference,2332,0.034639255317585105,0.053117449708145595,-0.07535070477863945,0.13376730220249558
shipped_as_deposited,Women,Difference,2958,0.019980768908339663,0.04224134697134808,-0.06664373227907056,0.10640041312036745
shipped_as_deposited,Below 20th Income Percentile,Difference,1038,0.1509045193496418,0.08690153405242912,-0.011305626495574327,0.3124565392699528
shipped_as_deposited,20th - 40th Income Percentile,Difference,1361,-0.018031695528978486,0.06453335684141608,-0.13443029251530936,0.10151530348683653
shipped_as_deposited,40th - 60th Income Percentile,Difference,936,0.1427153837468915,0.07574061905781448,0.009515763203737026,0.29198919236644844
shipped_as_deposited,60th - 80th Income Percentile,Difference,1151,-0.0675724756436995,0.07721260136824969,-0.21781207413409948,0.060062631258298645
shipped_as_deposited,Above 80th Income Percentile,Difference,804,-0.03355714079733524,0.086494984665833885,-0.19257565185126288,0.12526093039268674
shipped_as_deposited,Strong Democrat,Difference,726,0.08765727727118924,0.07944523699508686,-0.0725100200687388,0.22697387445601183
shipped_as_deposited,Not very strong Democrat,Difference,1140,0.04160672687909919,0.0685446675131434,-0.08356403400243294,0.16003669901427828
shipped_as_deposited,Lean Democrat,Difference,409,0.04595120780707626,0.09524967189893502,-0.1486571305526846,0.2309022737686103
shipped_as_deposited,Independent,Difference,1131,-0.041684107973996465,0.08388117411798765,-0.1914840912369383,0.12189919895297442
shipped_as_deposited,Lean Republican,Difference,351,0.17550828030415377,0.11057835465273128,-0.03392243470851596,0.38388810317749783
shipped_as_deposited,Not very strong Republican,Difference,990,-0.039767617949982736,0.07782977387430769,-0.18701211337844328,0.09831680674738058
shipped_as_deposited,Strong Republican,Difference,543,0.09933540029347898,0.0893707410063728,-0.06415720102514406,0.25967793904913306
shipped_as_deposited,Black,Difference,446,-0.06254037705341521,0.1062126988960623,-0.2803515007917089,0.17114579464470542
shipped_as_deposited,Hispanic,Difference,804,0.21644975980763465,0.09166416726233148,0.028254686202093662,0.3623175174947483
shipped_as_deposited,Other Race,Difference,496,-0.037794660512746436,0.1137039250801324,-0.24977537526144739,0.18941130220868846
shipped_as_deposited,White,Difference,3544,0.013863919532242142,0.04246961124645543,-0.06133224266626626,0.09711548734551416
shipped_as_deposited,Less than High School,Adjusted Direct Question Estimate,157,0.3363550036401538,0.041912078425217394,0.25728977288369675,0.4171238410787805
shipped_as_deposited,High School or Some College,Adjusted Direct Question Estimate,2793,0.362134918724515,0.00831996673675887,0.3462797876033788,0.3774865356676284
shipped_as_deposited,College,Adjusted Direct Question Estimate,1465,0.3246442745935919,0.013338161510585601,0.29939124434187575,0.3481894142981703
shipped_as_deposited,Graduate School,Adjusted Direct Question Estimate,875,0.2709882047770887,0.018106018625988866,0.23882366726233936,0.3066086576858267
shipped_as_deposited,Unlikely Voter,Adjusted Direct Question Estimate,1420,0.24343071234436642,0.012876365545166418,0.21694198698131562,0.26736638411007846
shipped_as_deposited,Likely Voter,Adjusted Direct Question Estimate,3870,0.36984431356579817,0.008492097982932706,0.355181164667556,0.38891260360292806
shipped_as_deposited,Entire Sample,Adjusted Direct Question Estimate,5290,0.3359109839373609,0.006846989733290878,0.3244495867098035,0.34971070322997316
shipped_as_deposited,Men,Adjusted Direct Question Estimate,2332,0.3803484802444857,0.011247555344977352,0.35709016885726275,0.40276250153992915
shipped_as_deposited,Women,Adjusted Direct Question Estimate,2958,0.30087777183857284,0.009304094799761773,0.2810696138026585,0.3204401345774448
shipped_as_deposited,Below 20th Income Percentile,Adjusted Direct Question Estimate,1038,0.33336472742850737,0.012598994817377362,0.3098072986360012,0.35694301343860774
shipped_as_deposited,20th - 40th Income Percentile,Adjusted Direct Question Estimate,1361,0.35567325096439034,0.010431825087014613,0.33483074122608847,0.3748767920555375
shipped_as_deposited,40th - 60th Income Percentile,Adjusted Direct Question Estimate,936,0.34020965231842515,0.012759982855223426,0.3183941649637027,0.3668031389853144
shipped_as_deposited,60th - 80th Income Percentile,Adjusted Direct Question Estimate,1151,0.3538847525741978,0.013010496380929082,0.3303497782713262,0.381720729439893
shipped_as_deposited,Above 80th Income Percentile,Adjusted Direct Question Estimate,804,0.27500950076164876,0.014291743954898422,0.2470667093090883,0.30129036842815654
shipped_as_deposited,Strong Democrat,Adjusted Direct Question Estimate,726,0.049742312572116636,0.005470587603526195,0.03954703985873631,0.06180200506400961
shipped_as_deposited,Not very strong Democrat,Adjusted Direct Question Estimate,1140,0.08007152973462384,0.007084434387426183,0.06673845928153649,0.09653671920321873
shipped_as_deposited,Lean Democrat,Adjusted Direct Question Estimate,409,0.1301157953581801,0.013838311886155941,0.10750942439878207,0.1596723184157416
shipped_as_deposited,Independent,Adjusted Direct Question Estimate,1131,0.18812229273289027,0.013636201656743393,0.16096478777096515,0.21513653707749383
shipped_as_deposited,Lean Republican,Adjusted Direct Question Estimate,351,0.5983739012228358,0.02356657014148226,0.5527437589228948,0.6457889024432957
shipped_as_deposited,Not very strong Republican,Adjusted Direct Question Estimate,990,0.723992489674983,0.013126554401600285,0.6984752113489919,0.7505992901853511
shipped_as_deposited,Strong Republican,Adjusted Direct Question Estimate,543,0.8412691799520592,0.011944446915562977,0.81776660933336,0.8662375645752814
shipped_as_deposited,Black,Adjusted Direct Question Estimate,446,0.11238975903148947,0.01600630454313211,0.08449155972713891,0.14075311263272214
shipped_as_deposited,Hispanic,Adjusted Direct Question Estimate,804,0.2623132174788513,0.01923629671731952,0.22579346752028912,0.3060304147114857
shipped_as_deposited,Other Race,Adjusted Direct Question Estimate,496,0.2071348185551956,0.021101416391409347,0.163946650674829,0.24338169493504158
shipped_as_deposited,White,Adjusted Direct Question Estimate,3544,0.3987597561072859,0.008956287175454016,0.38134904984688767,0.4162073717970099
shipped_as_deposited,Less than High School,Adjusted List Experiment Estimate,157,0.15303147976877501,0.08367381501215831,0.04527579745851761,0.34234835815930964
shipped_as_deposited,High School or Some College,Adjusted List Experiment Estimate,2793,0.36664025854774546,0.04142383237045709,0.30836513228891055,0.45660711821019656
shipped_as_deposited,College,Adjusted List Experiment Estimate,1465,0.3547661859971423,0.047915934930831953,0.2506756654943596,0.43930926174988294
shipped_as_deposited,Graduate School,Adjusted List Experiment Estimate,875,0.20526516036382272,0.05152999532854252,0.12057261759919152,0.32153960142746163
shipped_as_deposited,Unlikely Voter,Adjusted List Experiment Estimate,1420,0.24891182840762588,0.05683685272894869,0.15933525672461357,0.36562860423937016
shipped_as_deposited,Likely Voter,Adjusted List Experiment Estimate,3870,0.36019040462865126,0.029814477560517916,0.31261562358742195,0.42420494072754356
shipped_as_deposited,Entire Sample,Adjusted List Experiment Estimate,5290,0.33031978492470876,0.02619337618080344,0.2882544263059811,0.38430980409387816
shipped_as_deposited,Men,Adjusted List Experiment Estimate,2332,0.3351203868706846,0.034359474224036936,0.2923604211577723,0.42738765023055425
shipped_as_deposited,Women,Adjusted List Experiment Estimate,2958,0.3265351318692606,0.04602749944515224,0.2533029827188699,0.4181181171800527
shipped_as_deposited,Below 20th Income Percentile,Adjusted List Experiment Estimate,1038,0.309830072215703,0.03766909292749899,0.24691464610266492,0.40171154295743317
shipped_as_deposited,20th - 40th Income Percentile,Adjusted List Experiment Estimate,1361,0.3463440891918833,0.027546326010331152,0.3038719842995177,0.4030181181143628
shipped_as_deposited,40th - 60th Income Percentile,Adjusted List Experiment Estimate,936,0.3479022499123532,0.034108806214338705,0.2787207426452028,0.4127187013525966
shipped_as_deposited,60th - 80th Income Percentile,Adjusted List Experiment Estimate,1151,0.3969052072596372,0.049142431405551766,0.29400991368786167,0.4779418995253692
shipped_as_deposited,Above 80th Income Percentile,Adjusted List Experiment Estimate,804,0.21385490351722788,0.04726802673151447,0.14991452063218486,0.32772125518709583
shipped_as_deposited,Strong Democrat,Adjusted List Experiment Estimate,726,0.008024003998453077,0.020725621934573675,7.476227420213736e-5,0.06831734127638675
shipped_as_deposited,Not very strong Democrat,Adjusted List Experiment Estimate,1140,0.025471616377344953,0.028483642718263216,0.002307074774115337,0.10420382201159382
shipped_as_deposited,Lean Democrat,Adjusted List Experiment Estimate,409,0.07559741325104104,0.054530622140667416,0.013040554306119077,0.2129925312505227
shipped_as_deposited,Independent,Adjusted List Experiment Estimate,1131,0.2653585120622896,0.06873074551128057,0.150413670198937,0.40866819647300723
shipped_as_deposited,Lean Republican,Adjusted List Experiment Estimate,351,0.48542067851835463,0.13040381786557884,0.2775535699347207,0.7776239439883685
shipped_as_deposited,Not very strong Republican,Adjusted List Experiment Estimate,990,0.7317282732905515,0.07116027171825548,0.6129320680615828,0.9021169536755764
shipped_as_deposited,Strong Republican,Adjusted List Experiment Estimate,543,0.8963077804768789,0.0568733311822512,0.7613939338064571,0.9723841192479126
shipped_as_deposited,Black,Adjusted List Experiment Estimate,446,0.21966793798473117,0.08071447536297287,0.11934515699323228,0.41904843468797176
shipped_as_deposited,Hispanic,Adjusted List Experiment Estimate,804,0.09047998131274516,0.06271202878042482,0.032534407964410685,0.25362460932754083
shipped_as_deposited,Other Race,Adjusted List Experiment Estimate,496,0.28483741789510775,0.09250556424425402,0.11105743729799344,0.47783994779537564
shipped_as_deposited,White,Adjusted List Experiment Estimate,3544,0.40502102078416996,0.033527889885131376,0.34241937336995465,0.46749923567006113
shipped_as_deposited,Less than High School,Adjusted Difference,157,0.1833235238713788,0.082287044071128565,0.014159978072600873,0.3110558108824129
shipped_as_deposited,High School or Some College,Adjusted Difference,2793,-0.004505339823230481,0.04163724674399346,-0.10388983068017124,0.052428827860615076
shipped_as_deposited,College,Adjusted Difference,1465,-0.030121911403550417,0.04892509545749217,-0.11622403497668118,0.06403346586225195
shipped_as_deposited,Graduate School,Adjusted Difference,875,0.06572304441326596,0.04948715410272754,-0.04783200131526184,0.15265393784092013
shipped_as_deposited,Unlikely Voter,Adjusted Difference,1420,-0.005481116063259461,0.057502123622852806,-0.12515933563028492,0.08547868843097012
shipped_as_deposited,Likely Voter,Adjusted Difference,3870,0.009653908937146904,0.030271230772094742,-0.05440804095090898,0.06266617770058959
shipped_as_deposited,Entire Sample,Adjusted Difference,5290,0.005591199012652148,0.02704694594218152,-0.051393631398926665,0.0463993837397073
shipped_as_deposited,Men,Adjusted Difference,2332,0.045228093373801126,0.033336482923496225,-0.03667334998575782,0.08689546808078835
shipped_as_deposited,Women,Adjusted Difference,2958,-0.025657360030687748,0.04791607189653187,-0.12015547786110334,0.05025489428026936
shipped_as_deposited,Below 20th Income Percentile,Adjusted Difference,1038,0.023534655212804345,0.03828634018452257,-0.062488904889146935,0.09154966162375786
shipped_as_deposited,20th - 40th Income Percentile,Adjusted Difference,1361,0.009329161772507033,0.027725158442550503,-0.04605122653349768,0.05360542473732913
shipped_as_deposited,40th - 60th Income Percentile,Adjusted Difference,936,-0.007692597593928041,0.03255530960265141,-0.06936682782000947,0.058992364889972226
shipped_as_deposited,60th - 80th Income Percentile,Adjusted Difference,1151,-0.04302045468543936,0.04835998839851574,-0.11909753548358369,0.061935296207979426
shipped_as_deposited,Above 80th Income Percentile,Adjusted Difference,804,0.06115459724442088,0.04699619110221928,-0.05236350479532359,0.12786351055529505
shipped_as_deposited,Strong Democrat,Adjusted Difference,726,0.04171830857366356,0.02161937953938133,-0.017958567277781924,0.0572187750665305
shipped_as_deposited,Not very strong Democrat,Adjusted Difference,1140,0.05459991335727889,0.029558810064199387,-0.025279434790763538,0.08197792178762847
shipped_as_deposited,Lean Democrat,Adjusted Difference,409,0.054518382107139066,0.05536070480771296,-0.08374908062459946,0.11491022798082803
shipped_as_deposited,Independent,Adjusted Difference,1131,-0.07723621932939934,0.0701434042447552,-0.22446843435687241,0.04585074815549241
shipped_as_deposited,Lean Republican,Adjusted Difference,351,0.11295322270448122,0.13022559974634934,-0.16480782233654154,0.32051296812256336
shipped_as_deposited,Not very strong Republican,Adjusted Difference,990,-0.007735783615568481,0.07010736913974855,-0.17523812665294158,0.12120805543986382
shipped_as_deposited,Strong Republican,Adjusted Difference,543,-0.05503860052481968,0.05690553247021497,-0.1285903830018478,0.08303207721397823
shipped_as_deposited,Black,Adjusted Difference,446,-0.1072781789532417,0.07889370861719304,-0.2986600905043235,-0.010602885693574413
shipped_as_deposited,Hispanic,Adjusted Difference,804,0.17183323616610613,0.06131572933715762,0.01895118960284229,0.23413343605685855
shipped_as_deposited,Other Race,Adjusted Difference,496,-0.07770259933991214,0.09064931343118666,-0.2728939890363905,0.09290173133805925
shipped_as_deposited,White,Adjusted Difference,3544,-0.006261264676884037,0.03339464336838788,-0.06793594295937358,0.059802943413638746
